replay_date,hypothesis,signal,level,is_auc,oos_auc,delta,flagged,reason
2024-05-01,macro_equities,macro_equities_score,composite,0.6782,0.6319,0.0463,False,ok
2024-05-01,macro_equities,sub_spx_overext_rank,sub_signal,0.4400,0.8819,-0.4418,False,ok
2024-05-01,macro_equities,sub_real_rate_rank,sub_signal,0.6736,0.7651,-0.0915,False,ok
2024-05-01,macro_equities,sub_hy_spread_roc_rank,sub_signal,,0.4471,,True,OOS 0.447<=0.5
2024-05-01,macro_equities,sub_yield_curve_roc_rank,sub_signal,0.5346,0.6731,-0.1385,False,ok
2024-05-01,macro_equities,sub_rates_abs_stress_rank,sub_signal,0.5777,0.2170,0.3607,True,OOS 0.217<=0.5
2024-05-01,macro_equities,sub_fed_funds_stress_rank,sub_signal,0.5168,0.5041,0.0127,False,ok
2024-05-01,macro_equities,sub_vix_z90_rank,sub_signal,0.4859,0.4107,0.0752,True,OOS 0.411<=0.5
2024-05-01,macro_equities,sub_fx_stress_rank,sub_signal,0.5468,0.7912,-0.2444,False,ok
2024-05-01,cme,cme_score,composite,0.9445,0.6992,0.2453,True,delta +0.245>0.15
2024-05-01,cme,sub_dealer_net_rank,sub_signal,0.5480,0.4011,0.1469,True,OOS 0.401<=0.5
2024-05-01,cme,sub_asset_mgr_net_pct_rank,sub_signal,0.8115,0.7418,0.0697,False,ok
2024-05-01,cme,sub_lev_funds_net_pct_rank,sub_signal,0.7127,0.5495,0.1632,True,delta +0.163>0.15
2024-05-01,crypto_derivatives,crypto_derivatives_score,composite,0.5300,0.8173,-0.2873,False,ok
2024-05-01,crypto_derivatives,sub_funding_divergence_rank,sub_signal,0.5871,0.5591,0.0280,False,ok
2024-05-01,crypto_derivatives,sub_liq_stress_rank,sub_signal,0.5205,0.6195,-0.0990,False,ok
2024-05-01,crypto_derivatives,sub_speculation_ratio_rank,sub_signal,0.4939,0.6937,-0.1998,False,ok
2024-05-01,crypto_derivatives,sub_cvd_divergence_rank,sub_signal,0.6675,0.7308,-0.0633,False,ok
2024-05-01,crypto_derivatives,sub_alt_rotation_rank,sub_signal,0.4748,0.2170,0.2578,True,OOS 0.217<=0.5
2024-05-01,crypto_derivatives,sub_funding_zscore_rank,sub_signal,0.4859,0.6868,-0.2009,False,ok
2024-05-01,crypto_derivatives,sub_lev_stress_rank,sub_signal,0.5995,0.8571,-0.2577,False,ok
2024-05-01,crypto_derivatives,sub_coin_margin_ratio_rank,sub_signal,0.4588,0.6690,-0.2102,False,ok
2024-05-01,crypto_derivatives,sub_basis_rank,sub_signal,0.4736,0.3420,0.1316,True,OOS 0.342<=0.5
2024-05-01,crypto_derivatives,sub_rv21_zscore_rank,sub_signal,0.4104,0.4725,-0.0621,True,OOS 0.473<=0.5
2024-05-01,classic_cycle,classic_cycle_score,composite,0.4838,0.2596,0.2242,True,OOS 0.260<=0.5
2024-05-01,classic_cycle,sub_golden_ratio,sub_signal,0.4456,0.2266,0.2190,True,OOS 0.227<=0.5
2024-05-01,classic_cycle,sub_bmo,sub_signal,0.3407,0.2624,0.0783,True,OOS 0.262<=0.5
2024-05-01,classic_cycle,sub_ahr999,sub_signal,0.3046,0.2940,0.0107,True,OOS 0.294<=0.5
2024-05-01,classic_cycle,sub_fear_greed,sub_signal,0.5480,0.2926,0.2554,True,OOS 0.293<=0.5
2024-05-01,etf_flows,etf_flows_score,composite,,0.9808,,False,ok
2024-05-01,etf_flows,sub_etf_net_flow_rank,sub_signal,,0.9900,,False,ok
2024-05-01,etf_flows,sub_etf_premium_rank,sub_signal,,,,False,no OOS data
2024-05-01,etf_flows,sub_etf_flow_divergence_rank,sub_signal,,0.9900,,False,ok
2024-05-01,etf_flows,sub_etf_volume_share_rank,sub_signal,,0.9231,,False,ok
2024-05-01,eth,eth_score,composite,0.6832,0.4753,0.2079,True,OOS 0.475<=0.5
2024-05-01,eth,sub_eth_funding_divergence_rank,sub_signal,0.6124,0.5481,0.0643,False,ok
2024-05-01,eth,sub_eth_speculation_ratio_rank,sub_signal,0.7317,0.6058,0.1260,False,ok
2024-05-01,eth,sub_eth_liq_stress_rank,sub_signal,0.4917,0.4190,0.0727,True,OOS 0.419<=0.5
2024-05-01,eth,sub_eth_funding_zscore_rank,sub_signal,0.4869,0.8365,-0.3496,False,ok
2024-05-01,eth,sub_eth_cvd_divergence_rank,sub_signal,0.4675,0.4464,0.0210,True,OOS 0.446<=0.5
2024-05-01,eth,sub_eth_btc_dominance_rank,sub_signal,0.5145,0.8269,-0.3124,False,ok
2024-05-01,eth,sub_eth_basis_compression_rank,sub_signal,0.5173,0.1827,0.3346,True,OOS 0.183<=0.5
2024-06-01,macro_equities,macro_equities_score,composite,0.6950,0.5276,0.1674,True,delta +0.167>0.15
2024-06-01,macro_equities,sub_spx_overext_rank,sub_signal,0.4306,0.7749,-0.3443,False,ok
2024-06-01,macro_equities,sub_real_rate_rank,sub_signal,0.6886,0.7610,-0.0725,False,ok
2024-06-01,macro_equities,sub_hy_spread_roc_rank,sub_signal,,0.2630,,True,OOS 0.263<=0.5
2024-06-01,macro_equities,sub_yield_curve_roc_rank,sub_signal,0.5447,0.6623,-0.1175,False,ok
2024-06-01,macro_equities,sub_rates_abs_stress_rank,sub_signal,0.5955,0.1347,0.4608,True,OOS 0.135<=0.5
2024-06-01,macro_equities,sub_fed_funds_stress_rank,sub_signal,0.5040,0.5635,-0.0596,False,ok
2024-06-01,macro_equities,sub_vix_z90_rank,sub_signal,0.5004,0.2541,0.2463,True,OOS 0.254<=0.5
2024-06-01,macro_equities,sub_fx_stress_rank,sub_signal,0.5218,0.8018,-0.2800,False,ok
2024-06-01,cme,cme_score,composite,0.9381,0.7562,0.1819,True,delta +0.182>0.15
2024-06-01,cme,sub_dealer_net_rank,sub_signal,0.5607,0.3253,0.2354,True,OOS 0.325<=0.5
2024-06-01,cme,sub_asset_mgr_net_pct_rank,sub_signal,0.8089,0.7162,0.0928,False,ok
2024-06-01,cme,sub_lev_funds_net_pct_rank,sub_signal,0.7212,0.7044,0.0168,False,ok
2024-06-01,crypto_derivatives,crypto_derivatives_score,composite,0.5567,0.8494,-0.2927,False,ok
2024-06-01,crypto_derivatives,sub_funding_divergence_rank,sub_signal,0.6052,0.7175,-0.1124,False,ok
2024-06-01,crypto_derivatives,sub_liq_stress_rank,sub_signal,0.5281,0.6140,-0.0858,False,ok
2024-06-01,crypto_derivatives,sub_speculation_ratio_rank,sub_signal,0.5261,0.7990,-0.2729,False,ok
2024-06-01,crypto_derivatives,sub_cvd_divergence_rank,sub_signal,0.6587,0.5117,0.1470,False,ok
2024-06-01,crypto_derivatives,sub_alt_rotation_rank,sub_signal,0.4710,0.1281,0.3429,True,OOS 0.128<=0.5
2024-06-01,crypto_derivatives,sub_funding_zscore_rank,sub_signal,0.4873,0.7949,-0.3076,False,ok
2024-06-01,crypto_derivatives,sub_lev_stress_rank,sub_signal,0.5989,0.8294,-0.2305,False,ok
2024-06-01,crypto_derivatives,sub_coin_margin_ratio_rank,sub_signal,0.4807,0.6816,-0.2010,False,ok
2024-06-01,crypto_derivatives,sub_basis_rank,sub_signal,0.4760,0.3391,0.1370,True,OOS 0.339<=0.5
2024-06-01,crypto_derivatives,sub_rv21_zscore_rank,sub_signal,0.4305,0.4972,-0.0667,True,OOS 0.497<=0.5
2024-06-01,classic_cycle,classic_cycle_score,composite,0.5062,0.2390,0.2673,True,OOS 0.239<=0.5
2024-06-01,classic_cycle,sub_golden_ratio,sub_signal,0.4706,0.2003,0.2703,True,OOS 0.200<=0.5
2024-06-01,classic_cycle,sub_bmo,sub_signal,0.3428,0.2058,0.1370,True,OOS 0.206<=0.5
2024-06-01,classic_cycle,sub_ahr999,sub_signal,0.3069,0.2486,0.0582,True,OOS 0.249<=0.5
2024-06-01,classic_cycle,sub_fear_greed,sub_signal,0.5657,0.2997,0.2659,True,OOS 0.300<=0.5
2024-06-01,etf_flows,etf_flows_score,composite,,0.8807,,False,ok
2024-06-01,etf_flows,sub_etf_net_flow_rank,sub_signal,,0.9557,,False,ok
2024-06-01,etf_flows,sub_etf_premium_rank,sub_signal,,,,False,no OOS data
2024-06-01,etf_flows,sub_etf_flow_divergence_rank,sub_signal,,0.9726,,False,ok
2024-06-01,etf_flows,sub_etf_volume_share_rank,sub_signal,,0.6461,,False,ok
2024-06-01,eth,eth_score,composite,0.6886,0.6802,0.0084,False,ok
2024-06-01,eth,sub_eth_funding_divergence_rank,sub_signal,0.6224,0.7203,-0.0980,False,ok
2024-06-01,eth,sub_eth_speculation_ratio_rank,sub_signal,0.7299,0.7604,-0.0305,False,ok
2024-06-01,eth,sub_eth_liq_stress_rank,sub_signal,0.4838,0.4137,0.0701,True,OOS 0.414<=0.5
2024-06-01,eth,sub_eth_funding_zscore_rank,sub_signal,0.4908,0.9012,-0.4104,False,ok
2024-06-01,eth,sub_eth_cvd_divergence_rank,sub_signal,0.4672,0.6395,-0.1723,False,ok
2024-06-01,eth,sub_eth_btc_dominance_rank,sub_signal,0.5175,0.8888,-0.3713,False,ok
2024-06-01,eth,sub_eth_basis_compression_rank,sub_signal,0.5155,0.1692,0.3463,True,OOS 0.169<=0.5
2024-07-01,macro_equities,macro_equities_score,composite,0.7013,0.6318,0.0695,False,ok
2024-07-01,macro_equities,sub_spx_overext_rank,sub_signal,0.4069,0.6036,-0.1967,False,ok
2024-07-01,macro_equities,sub_real_rate_rank,sub_signal,0.7022,0.7250,-0.0228,False,ok
2024-07-01,macro_equities,sub_hy_spread_roc_rank,sub_signal,,0.6528,,False,ok
2024-07-01,macro_equities,sub_yield_curve_roc_rank,sub_signal,0.5222,0.7733,-0.2511,False,ok
2024-07-01,macro_equities,sub_rates_abs_stress_rank,sub_signal,0.5857,0.1236,0.4622,True,OOS 0.124<=0.5
2024-07-01,macro_equities,sub_fed_funds_stress_rank,sub_signal,0.5078,0.6175,-0.1096,False,ok
2024-07-01,macro_equities,sub_vix_z90_rank,sub_signal,0.5252,0.2312,0.2941,True,OOS 0.231<=0.5
2024-07-01,macro_equities,sub_fx_stress_rank,sub_signal,0.4972,0.3637,0.1335,True,OOS 0.364<=0.5
2024-07-01,cme,cme_score,composite,0.9352,0.8604,0.0748,False,ok
2024-07-01,cme,sub_dealer_net_rank,sub_signal,0.5700,0.3312,0.2388,True,OOS 0.331<=0.5
2024-07-01,cme,sub_asset_mgr_net_pct_rank,sub_signal,0.8119,0.6405,0.1713,True,delta +0.171>0.15
2024-07-01,cme,sub_lev_funds_net_pct_rank,sub_signal,0.7286,0.8724,-0.1438,False,ok
2024-07-01,crypto_derivatives,crypto_derivatives_score,composite,0.5796,0.7498,-0.1702,False,ok
2024-07-01,crypto_derivatives,sub_funding_divergence_rank,sub_signal,0.6089,0.4790,0.1298,True,OOS 0.479<=0.5
2024-07-01,crypto_derivatives,sub_liq_stress_rank,sub_signal,0.5363,0.5774,-0.0411,False,ok
2024-07-01,crypto_derivatives,sub_speculation_ratio_rank,sub_signal,0.5530,0.7870,-0.2340,False,ok
2024-07-01,crypto_derivatives,sub_cvd_divergence_rank,sub_signal,0.6619,0.4640,0.1980,True,OOS 0.464<=0.5
2024-07-01,crypto_derivatives,sub_alt_rotation_rank,sub_signal,0.4623,0.6924,-0.2301,False,ok
2024-07-01,crypto_derivatives,sub_funding_zscore_rank,sub_signal,0.4818,0.6940,-0.2122,False,ok
2024-07-01,crypto_derivatives,sub_lev_stress_rank,sub_signal,0.5893,0.7182,-0.1289,False,ok
2024-07-01,crypto_derivatives,sub_coin_margin_ratio_rank,sub_signal,0.5014,0.7790,-0.2775,False,ok
2024-07-01,crypto_derivatives,sub_basis_rank,sub_signal,0.4789,0.3357,0.1432,True,OOS 0.336<=0.5
2024-07-01,crypto_derivatives,sub_rv21_zscore_rank,sub_signal,0.4225,0.2262,0.1962,True,OOS 0.226<=0.5
2024-07-01,classic_cycle,classic_cycle_score,composite,0.5248,0.2401,0.2847,True,OOS 0.240<=0.5
2024-07-01,classic_cycle,sub_golden_ratio,sub_signal,0.4923,0.2625,0.2298,True,OOS 0.262<=0.5
2024-07-01,classic_cycle,sub_bmo,sub_signal,0.3482,0.1751,0.1731,True,OOS 0.175<=0.5
2024-07-01,classic_cycle,sub_ahr999,sub_signal,0.3063,0.2255,0.0808,True,OOS 0.226<=0.5
2024-07-01,classic_cycle,sub_fear_greed,sub_signal,0.5801,0.2794,0.3007,True,OOS 0.279<=0.5
2024-07-01,etf_flows,etf_flows_score,composite,,0.9356,,False,ok
2024-07-01,etf_flows,sub_etf_net_flow_rank,sub_signal,,0.9293,,False,ok
2024-07-01,etf_flows,sub_etf_premium_rank,sub_signal,,,,False,no OOS data
2024-07-01,etf_flows,sub_etf_flow_divergence_rank,sub_signal,,0.8996,,False,ok
2024-07-01,etf_flows,sub_etf_volume_share_rank,sub_signal,,0.5808,,False,ok
2024-07-01,eth,eth_score,composite,0.6965,0.4164,0.2800,True,OOS 0.416<=0.5
2024-07-01,eth,sub_eth_funding_divergence_rank,sub_signal,0.6305,0.4240,0.2065,True,OOS 0.424<=0.5
2024-07-01,eth,sub_eth_speculation_ratio_rank,sub_signal,0.7354,0.7441,-0.0087,False,ok
2024-07-01,eth,sub_eth_liq_stress_rank,sub_signal,0.4829,0.5363,-0.0533,False,ok
2024-07-01,eth,sub_eth_funding_zscore_rank,sub_signal,0.4861,0.6031,-0.1170,False,ok
2024-07-01,eth,sub_eth_cvd_divergence_rank,sub_signal,0.4670,0.4244,0.0426,True,OOS 0.424<=0.5
2024-07-01,eth,sub_eth_btc_dominance_rank,sub_signal,0.5234,0.3291,0.1943,True,OOS 0.329<=0.5
2024-07-01,eth,sub_eth_basis_compression_rank,sub_signal,0.5185,0.2669,0.2515,True,OOS 0.267<=0.5
2024-08-01,macro_equities,macro_equities_score,composite,0.7119,0.5982,0.1137,False,ok
2024-08-01,macro_equities,sub_spx_overext_rank,sub_signal,0.3872,0.5411,-0.1539,False,ok
2024-08-01,macro_equities,sub_real_rate_rank,sub_signal,0.7136,0.7664,-0.0528,False,ok
2024-08-01,macro_equities,sub_hy_spread_roc_rank,sub_signal,,0.5764,,False,ok
2024-08-01,macro_equities,sub_yield_curve_roc_rank,sub_signal,0.5292,0.6191,-0.0899,False,ok
2024-08-01,macro_equities,sub_rates_abs_stress_rank,sub_signal,0.5835,0.2939,0.2896,True,OOS 0.294<=0.5
2024-08-01,macro_equities,sub_fed_funds_stress_rank,sub_signal,0.5047,0.6546,-0.1499,False,ok
2024-08-01,macro_equities,sub_vix_z90_rank,sub_signal,0.5375,0.4243,0.1132,True,OOS 0.424<=0.5
2024-08-01,macro_equities,sub_fx_stress_rank,sub_signal,0.4799,0.2554,0.2246,True,OOS 0.255<=0.5
2024-08-01,cme,cme_score,composite,0.9231,0.8432,0.0799,False,ok
2024-08-01,cme,sub_dealer_net_rank,sub_signal,0.5723,0.3409,0.2314,True,OOS 0.341<=0.5
2024-08-01,cme,sub_asset_mgr_net_pct_rank,sub_signal,0.7955,0.6361,0.1595,True,delta +0.159>0.15
2024-08-01,cme,sub_lev_funds_net_pct_rank,sub_signal,0.7340,0.8596,-0.1256,False,ok
2024-08-01,crypto_derivatives,crypto_derivatives_score,composite,0.5967,0.7086,-0.1118,False,ok
2024-08-01,crypto_derivatives,sub_funding_divergence_rank,sub_signal,0.6193,0.6118,0.0075,False,ok
2024-08-01,crypto_derivatives,sub_liq_stress_rank,sub_signal,0.5354,0.5473,-0.0119,False,ok
2024-08-01,crypto_derivatives,sub_speculation_ratio_rank,sub_signal,0.5750,0.6116,-0.0366,False,ok
2024-08-01,crypto_derivatives,sub_cvd_divergence_rank,sub_signal,0.6524,0.3531,0.2993,True,OOS 0.353<=0.5
2024-08-01,crypto_derivatives,sub_alt_rotation_rank,sub_signal,0.4642,0.7256,-0.2614,False,ok
2024-08-01,crypto_derivatives,sub_funding_zscore_rank,sub_signal,0.4925,0.6954,-0.2029,False,ok
2024-08-01,crypto_derivatives,sub_lev_stress_rank,sub_signal,0.5929,0.6663,-0.0734,False,ok
2024-08-01,crypto_derivatives,sub_coin_margin_ratio_rank,sub_signal,0.5183,0.6179,-0.0996,False,ok
2024-08-01,crypto_derivatives,sub_basis_rank,sub_signal,0.4818,0.4425,0.0393,True,OOS 0.443<=0.5
2024-08-01,crypto_derivatives,sub_rv21_zscore_rank,sub_signal,0.4354,0.3118,0.1236,True,OOS 0.312<=0.5
2024-08-01,classic_cycle,classic_cycle_score,composite,0.5401,0.3071,0.2330,True,OOS 0.307<=0.5
2024-08-01,classic_cycle,sub_golden_ratio,sub_signal,0.5096,0.3530,0.1566,True,OOS 0.353<=0.5
2024-08-01,classic_cycle,sub_bmo,sub_signal,0.3575,0.2127,0.1448,True,OOS 0.213<=0.5
2024-08-01,classic_cycle,sub_ahr999,sub_signal,0.3083,0.2639,0.0444,True,OOS 0.264<=0.5
2024-08-01,classic_cycle,sub_fear_greed,sub_signal,0.5924,0.3125,0.2799,True,OOS 0.312<=0.5
2024-08-01,etf_flows,etf_flows_score,composite,,0.8309,,False,ok
2024-08-01,etf_flows,sub_etf_net_flow_rank,sub_signal,,0.8802,,False,ok
2024-08-01,etf_flows,sub_etf_premium_rank,sub_signal,,0.4861,,True,OOS 0.486<=0.5
2024-08-01,etf_flows,sub_etf_flow_divergence_rank,sub_signal,,0.8526,,False,ok
2024-08-01,etf_flows,sub_etf_volume_share_rank,sub_signal,,0.5053,,False,ok
2024-08-01,eth,eth_score,composite,0.7042,0.4959,0.2083,True,OOS 0.496<=0.5
2024-08-01,eth,sub_eth_funding_divergence_rank,sub_signal,0.6394,0.5248,0.1145,False,ok
2024-08-01,eth,sub_eth_speculation_ratio_rank,sub_signal,0.7349,0.5705,0.1644,True,delta +0.164>0.15
2024-08-01,eth,sub_eth_liq_stress_rank,sub_signal,0.4765,0.5454,-0.0689,False,ok
2024-08-01,eth,sub_eth_funding_zscore_rank,sub_signal,0.4943,0.5912,-0.0969,False,ok
2024-08-01,eth,sub_eth_cvd_divergence_rank,sub_signal,0.4687,0.4466,0.0221,True,OOS 0.447<=0.5
2024-08-01,eth,sub_eth_btc_dominance_rank,sub_signal,0.5246,0.3305,0.1941,True,OOS 0.331<=0.5
2024-08-01,eth,sub_eth_basis_compression_rank,sub_signal,0.5162,0.4280,0.0882,True,OOS 0.428<=0.5
2024-09-01,macro_equities,macro_equities_score,composite,0.7266,0.5639,0.1626,True,delta +0.163>0.15
2024-09-01,macro_equities,sub_spx_overext_rank,sub_signal,0.3750,0.5514,-0.1765,False,ok
2024-09-01,macro_equities,sub_real_rate_rank,sub_signal,0.7278,0.6779,0.0500,False,ok
2024-09-01,macro_equities,sub_hy_spread_roc_rank,sub_signal,,0.5326,,False,ok
2024-09-01,macro_equities,sub_yield_curve_roc_rank,sub_signal,0.5508,0.6134,-0.0626,False,ok
2024-09-01,macro_equities,sub_rates_abs_stress_rank,sub_signal,0.5785,0.2839,0.2946,True,OOS 0.284<=0.5
2024-09-01,macro_equities,sub_fed_funds_stress_rank,sub_signal,0.4929,0.6546,-0.1617,False,ok
2024-09-01,macro_equities,sub_vix_z90_rank,sub_signal,0.5211,0.4195,0.1016,True,OOS 0.419<=0.5
2024-09-01,macro_equities,sub_fx_stress_rank,sub_signal,0.4771,0.2916,0.1855,True,OOS 0.292<=0.5
2024-09-01,cme,cme_score,composite,0.9109,0.7595,0.1515,True,delta +0.151>0.15
2024-09-01,cme,sub_dealer_net_rank,sub_signal,0.5767,0.3402,0.2366,True,OOS 0.340<=0.5
2024-09-01,cme,sub_asset_mgr_net_pct_rank,sub_signal,0.7878,0.6050,0.1828,True,delta +0.183>0.15
2024-09-01,cme,sub_lev_funds_net_pct_rank,sub_signal,0.7348,0.8302,-0.0954,False,ok
2024-09-01,crypto_derivatives,crypto_derivatives_score,composite,0.6135,0.6846,-0.0711,False,ok
2024-09-01,crypto_derivatives,sub_funding_divergence_rank,sub_signal,0.6368,0.5852,0.0517,False,ok
2024-09-01,crypto_derivatives,sub_liq_stress_rank,sub_signal,0.5403,0.5620,-0.0217,False,ok
2024-09-01,crypto_derivatives,sub_speculation_ratio_rank,sub_signal,0.5942,0.6173,-0.0231,False,ok
2024-09-01,crypto_derivatives,sub_cvd_divergence_rank,sub_signal,0.6428,0.3492,0.2936,True,OOS 0.349<=0.5
2024-09-01,crypto_derivatives,sub_alt_rotation_rank,sub_signal,0.4623,0.7233,-0.2610,False,ok
2024-09-01,crypto_derivatives,sub_funding_zscore_rank,sub_signal,0.4923,0.7191,-0.2268,False,ok
2024-09-01,crypto_derivatives,sub_lev_stress_rank,sub_signal,0.5893,0.6866,-0.0973,False,ok
2024-09-01,crypto_derivatives,sub_coin_margin_ratio_rank,sub_signal,0.5305,0.6202,-0.0897,False,ok
2024-09-01,crypto_derivatives,sub_basis_rank,sub_signal,0.4824,0.4384,0.0441,True,OOS 0.438<=0.5
2024-09-01,crypto_derivatives,sub_rv21_zscore_rank,sub_signal,0.4426,0.2800,0.1626,True,OOS 0.280<=0.5
2024-09-01,classic_cycle,classic_cycle_score,composite,0.5548,0.3071,0.2477,True,OOS 0.307<=0.5
2024-09-01,classic_cycle,sub_golden_ratio,sub_signal,0.5258,0.3530,0.1728,True,OOS 0.353<=0.5
2024-09-01,classic_cycle,sub_bmo,sub_signal,0.3619,0.2127,0.1492,True,OOS 0.213<=0.5
2024-09-01,classic_cycle,sub_ahr999,sub_signal,0.3025,0.2639,0.0386,True,OOS 0.264<=0.5
2024-09-01,classic_cycle,sub_fear_greed,sub_signal,0.6037,0.3125,0.2912,True,OOS 0.312<=0.5
2024-09-01,etf_flows,etf_flows_score,composite,,0.8449,,False,ok
2024-09-01,etf_flows,sub_etf_net_flow_rank,sub_signal,,0.8930,,False,ok
2024-09-01,etf_flows,sub_etf_premium_rank,sub_signal,,0.5000,,True,OOS 0.500<=0.5
2024-09-01,etf_flows,sub_etf_flow_divergence_rank,sub_signal,,0.8617,,False,ok
2024-09-01,etf_flows,sub_etf_volume_share_rank,sub_signal,,0.5406,,False,ok
2024-09-01,eth,eth_score,composite,0.7080,0.4882,0.2198,True,OOS 0.488<=0.5
2024-09-01,eth,sub_eth_funding_divergence_rank,sub_signal,0.6489,0.5043,0.1446,False,ok
2024-09-01,eth,sub_eth_speculation_ratio_rank,sub_signal,0.7255,0.5779,0.1476,False,ok
2024-09-01,eth,sub_eth_liq_stress_rank,sub_signal,0.4736,0.5763,-0.1027,False,ok
2024-09-01,eth,sub_eth_funding_zscore_rank,sub_signal,0.4940,0.6063,-0.1122,False,ok
2024-09-01,eth,sub_eth_cvd_divergence_rank,sub_signal,0.4720,0.4757,-0.0037,True,OOS 0.476<=0.5
2024-09-01,eth,sub_eth_btc_dominance_rank,sub_signal,0.5279,0.3282,0.1997,True,OOS 0.328<=0.5
2024-09-01,eth,sub_eth_basis_compression_rank,sub_signal,0.5173,0.4246,0.0927,True,OOS 0.425<=0.5
2024-10-01,macro_equities,macro_equities_score,composite,0.7385,0.5687,0.1698,True,delta +0.170>0.15
2024-10-01,macro_equities,sub_spx_overext_rank,sub_signal,0.3715,0.5414,-0.1699,False,ok
2024-10-01,macro_equities,sub_real_rate_rank,sub_signal,0.7405,0.5921,0.1484,False,ok
2024-10-01,macro_equities,sub_hy_spread_roc_rank,sub_signal,,0.5432,,False,ok
2024-10-01,macro_equities,sub_yield_curve_roc_rank,sub_signal,0.5630,0.6214,-0.0584,False,ok
2024-10-01,macro_equities,sub_rates_abs_stress_rank,sub_signal,0.5729,0.2863,0.2866,True,OOS 0.286<=0.5
2024-10-01,macro_equities,sub_fed_funds_stress_rank,sub_signal,0.4968,0.6918,-0.1949,False,ok
2024-10-01,macro_equities,sub_vix_z90_rank,sub_signal,0.5151,0.4182,0.0969,True,OOS 0.418<=0.5
2024-10-01,macro_equities,sub_fx_stress_rank,sub_signal,0.4861,0.2916,0.1945,True,OOS 0.292<=0.5
2024-10-01,cme,cme_score,composite,0.9112,0.7166,0.1946,True,delta +0.195>0.15
2024-10-01,cme,sub_dealer_net_rank,sub_signal,0.5899,0.2996,0.2903,True,OOS 0.300<=0.5
2024-10-01,cme,sub_asset_mgr_net_pct_rank,sub_signal,0.7964,0.5650,0.2314,True,delta +0.231>0.15
2024-10-01,cme,sub_lev_funds_net_pct_rank,sub_signal,0.7251,0.8009,-0.0758,False,ok
2024-10-01,crypto_derivatives,crypto_derivatives_score,composite,0.6229,0.6854,-0.0625,False,ok
2024-10-01,crypto_derivatives,sub_funding_divergence_rank,sub_signal,0.6130,0.5836,0.0294,False,ok
2024-10-01,crypto_derivatives,sub_liq_stress_rank,sub_signal,0.5383,0.5737,-0.0355,False,ok
2024-10-01,crypto_derivatives,sub_speculation_ratio_rank,sub_signal,0.6102,0.6250,-0.0148,False,ok
2024-10-01,crypto_derivatives,sub_cvd_divergence_rank,sub_signal,0.6446,0.3254,0.3193,True,OOS 0.325<=0.5
2024-10-01,crypto_derivatives,sub_alt_rotation_rank,sub_signal,0.4672,0.7267,-0.2595,False,ok
2024-10-01,crypto_derivatives,sub_funding_zscore_rank,sub_signal,0.4993,0.6896,-0.1904,False,ok
2024-10-01,crypto_derivatives,sub_lev_stress_rank,sub_signal,0.6017,0.6830,-0.0813,False,ok
2024-10-01,crypto_derivatives,sub_coin_margin_ratio_rank,sub_signal,0.5399,0.6334,-0.0935,False,ok
2024-10-01,crypto_derivatives,sub_basis_rank,sub_signal,0.4776,0.4370,0.0407,True,OOS 0.437<=0.5
2024-10-01,crypto_derivatives,sub_rv21_zscore_rank,sub_signal,0.4370,0.2905,0.1465,True,OOS 0.291<=0.5
2024-10-01,classic_cycle,classic_cycle_score,composite,0.5647,0.3071,0.2576,True,OOS 0.307<=0.5
2024-10-01,classic_cycle,sub_golden_ratio,sub_signal,0.5387,0.3530,0.1857,True,OOS 0.353<=0.5
2024-10-01,classic_cycle,sub_bmo,sub_signal,0.3652,0.2127,0.1525,True,OOS 0.213<=0.5
2024-10-01,classic_cycle,sub_ahr999,sub_signal,0.2931,0.2639,0.0291,True,OOS 0.264<=0.5
2024-10-01,classic_cycle,sub_fear_greed,sub_signal,0.6096,0.3125,0.2971,True,OOS 0.312<=0.5
2024-10-01,etf_flows,etf_flows_score,composite,,0.8276,,False,ok
2024-10-01,etf_flows,sub_etf_net_flow_rank,sub_signal,,0.8788,,False,ok
2024-10-01,etf_flows,sub_etf_premium_rank,sub_signal,,0.4893,,True,OOS 0.489<=0.5
2024-10-01,etf_flows,sub_etf_flow_divergence_rank,sub_signal,,0.8549,,False,ok
2024-10-01,etf_flows,sub_etf_volume_share_rank,sub_signal,,0.5582,,False,ok
2024-10-01,eth,eth_score,composite,0.6897,0.5025,0.1872,True,delta +0.187>0.15
2024-10-01,eth,sub_eth_funding_divergence_rank,sub_signal,0.6382,0.5061,0.1321,False,ok
2024-10-01,eth,sub_eth_speculation_ratio_rank,sub_signal,0.7212,0.5907,0.1305,False,ok
2024-10-01,eth,sub_eth_liq_stress_rank,sub_signal,0.4674,0.6041,-0.1367,False,ok
2024-10-01,eth,sub_eth_funding_zscore_rank,sub_signal,0.4952,0.5957,-0.1005,False,ok
2024-10-01,eth,sub_eth_cvd_divergence_rank,sub_signal,0.4671,0.4980,-0.0309,True,OOS 0.498<=0.5
2024-10-01,eth,sub_eth_btc_dominance_rank,sub_signal,0.5273,0.3239,0.2034,True,OOS 0.324<=0.5
2024-10-01,eth,sub_eth_basis_compression_rank,sub_signal,0.5167,0.4246,0.0920,True,OOS 0.425<=0.5
2024-11-01,macro_equities,macro_equities_score,composite,0.7512,0.5193,0.2319,True,delta +0.232>0.15
2024-11-01,macro_equities,sub_spx_overext_rank,sub_signal,0.3785,0.5052,-0.1266,False,ok
2024-11-01,macro_equities,sub_real_rate_rank,sub_signal,0.7521,0.5116,0.2405,True,delta +0.241>0.15
2024-11-01,macro_equities,sub_hy_spread_roc_rank,sub_signal,,0.5806,,False,ok
2024-11-01,macro_equities,sub_yield_curve_roc_rank,sub_signal,0.5837,0.5887,-0.0050,False,ok
2024-11-01,macro_equities,sub_rates_abs_stress_rank,sub_signal,0.5709,0.3036,0.2673,True,OOS 0.304<=0.5
2024-11-01,macro_equities,sub_fed_funds_stress_rank,sub_signal,0.5083,0.7491,-0.2408,False,ok
2024-11-01,macro_equities,sub_vix_z90_rank,sub_signal,0.4944,0.4261,0.0683,True,OOS 0.426<=0.5
2024-11-01,macro_equities,sub_fx_stress_rank,sub_signal,0.4969,0.2907,0.2062,True,OOS 0.291<=0.5
2024-11-01,cme,cme_score,composite,0.9087,0.7166,0.1921,True,delta +0.192>0.15
2024-11-01,cme,sub_dealer_net_rank,sub_signal,0.5964,0.3484,0.2481,True,OOS 0.348<=0.5
2024-11-01,cme,sub_asset_mgr_net_pct_rank,sub_signal,0.8016,0.5650,0.2366,True,delta +0.237>0.15
2024-11-01,cme,sub_lev_funds_net_pct_rank,sub_signal,0.7212,0.7512,-0.0301,False,ok
2024-11-01,crypto_derivatives,crypto_derivatives_score,composite,0.6351,0.6941,-0.0590,False,ok
2024-11-01,crypto_derivatives,sub_funding_divergence_rank,sub_signal,0.5889,0.6002,-0.0113,False,ok
2024-11-01,crypto_derivatives,sub_liq_stress_rank,sub_signal,0.5459,0.5732,-0.0273,False,ok
2024-11-01,crypto_derivatives,sub_speculation_ratio_rank,sub_signal,0.6259,0.6271,-0.0013,False,ok
2024-11-01,crypto_derivatives,sub_cvd_divergence_rank,sub_signal,0.6515,0.2995,0.3521,True,OOS 0.299<=0.5
2024-11-01,crypto_derivatives,sub_alt_rotation_rank,sub_signal,0.4699,0.7258,-0.2559,False,ok
2024-11-01,crypto_derivatives,sub_funding_zscore_rank,sub_signal,0.4919,0.6850,-0.1931,False,ok
2024-11-01,crypto_derivatives,sub_lev_stress_rank,sub_signal,0.5993,0.6634,-0.0641,False,ok
2024-11-01,crypto_derivatives,sub_coin_margin_ratio_rank,sub_signal,0.5537,0.6357,-0.0820,False,ok
2024-11-01,crypto_derivatives,sub_basis_rank,sub_signal,0.4808,0.4302,0.0507,True,OOS 0.430<=0.5
2024-11-01,crypto_derivatives,sub_rv21_zscore_rank,sub_signal,0.4279,0.3145,0.1135,True,OOS 0.314<=0.5
2024-11-01,classic_cycle,classic_cycle_score,composite,0.5773,0.3029,0.2744,True,OOS 0.303<=0.5
2024-11-01,classic_cycle,sub_golden_ratio,sub_signal,0.5535,0.3482,0.2053,True,OOS 0.348<=0.5
2024-11-01,classic_cycle,sub_bmo,sub_signal,0.3736,0.2127,0.1610,True,OOS 0.213<=0.5
2024-11-01,classic_cycle,sub_ahr999,sub_signal,0.2890,0.2654,0.0237,True,OOS 0.265<=0.5
2024-11-01,classic_cycle,sub_fear_greed,sub_signal,0.6203,0.3259,0.2944,True,OOS 0.326<=0.5
2024-11-01,etf_flows,etf_flows_score,composite,,0.7927,,False,ok
2024-11-01,etf_flows,sub_etf_net_flow_rank,sub_signal,,0.8316,,False,ok
2024-11-01,etf_flows,sub_etf_premium_rank,sub_signal,,0.4706,,True,OOS 0.471<=0.5
2024-11-01,etf_flows,sub_etf_flow_divergence_rank,sub_signal,,0.8201,,False,ok
2024-11-01,etf_flows,sub_etf_volume_share_rank,sub_signal,,0.5557,,False,ok
2024-11-01,eth,eth_score,composite,0.6885,0.5204,0.1681,True,delta +0.168>0.15
2024-11-01,eth,sub_eth_funding_divergence_rank,sub_signal,0.6352,0.5180,0.1172,False,ok
2024-11-01,eth,sub_eth_speculation_ratio_rank,sub_signal,0.7196,0.5941,0.1255,False,ok
2024-11-01,eth,sub_eth_liq_stress_rank,sub_signal,0.4718,0.6134,-0.1416,False,ok
2024-11-01,eth,sub_eth_funding_zscore_rank,sub_signal,0.4844,0.6048,-0.1204,False,ok
2024-11-01,eth,sub_eth_cvd_divergence_rank,sub_signal,0.4651,0.5180,-0.0530,False,ok
2024-11-01,eth,sub_eth_btc_dominance_rank,sub_signal,0.5281,0.3254,0.2027,True,OOS 0.325<=0.5
2024-11-01,eth,sub_eth_basis_compression_rank,sub_signal,0.5247,0.4202,0.1045,True,OOS 0.420<=0.5
2024-12-01,macro_equities,macro_equities_score,composite,0.7591,0.5196,0.2394,True,delta +0.239>0.15
2024-12-01,macro_equities,sub_spx_overext_rank,sub_signal,0.3770,0.4607,-0.0837,True,OOS 0.461<=0.5
2024-12-01,macro_equities,sub_real_rate_rank,sub_signal,0.7599,0.4605,0.2994,True,OOS 0.461<=0.5
2024-12-01,macro_equities,sub_hy_spread_roc_rank,sub_signal,,0.5811,,False,ok
2024-12-01,macro_equities,sub_yield_curve_roc_rank,sub_signal,0.5793,0.6021,-0.0228,False,ok
2024-12-01,macro_equities,sub_rates_abs_stress_rank,sub_signal,0.5791,0.2866,0.2925,True,OOS 0.287<=0.5
2024-12-01,macro_equities,sub_fed_funds_stress_rank,sub_signal,0.5266,0.7491,-0.2225,False,ok
2024-12-01,macro_equities,sub_vix_z90_rank,sub_signal,0.5089,0.4289,0.0800,True,OOS 0.429<=0.5
2024-12-01,macro_equities,sub_fx_stress_rank,sub_signal,0.4856,0.3207,0.1649,True,OOS 0.321<=0.5
2024-12-01,cme,cme_score,composite,0.9078,0.7166,0.1911,True,delta +0.191>0.15
2024-12-01,cme,sub_dealer_net_rank,sub_signal,0.5830,0.4341,0.1489,True,OOS 0.434<=0.5
2024-12-01,cme,sub_asset_mgr_net_pct_rank,sub_signal,0.8036,0.5650,0.2386,True,delta +0.239>0.15
2024-12-01,cme,sub_lev_funds_net_pct_rank,sub_signal,0.7302,0.7416,-0.0115,False,ok
2024-12-01,crypto_derivatives,crypto_derivatives_score,composite,0.6495,0.6602,-0.0106,False,ok
2024-12-01,crypto_derivatives,sub_funding_divergence_rank,sub_signal,0.6053,0.5836,0.0217,False,ok
2024-12-01,crypto_derivatives,sub_liq_stress_rank,sub_signal,0.5506,0.5868,-0.0362,False,ok
2024-12-01,crypto_derivatives,sub_speculation_ratio_rank,sub_signal,0.6370,0.5923,0.0447,False,ok
2024-12-01,crypto_derivatives,sub_cvd_divergence_rank,sub_signal,0.6502,0.3054,0.3448,True,OOS 0.305<=0.5
2024-12-01,crypto_derivatives,sub_alt_rotation_rank,sub_signal,0.4807,0.7279,-0.2472,False,ok
2024-12-01,crypto_derivatives,sub_funding_zscore_rank,sub_signal,0.4910,0.6789,-0.1880,False,ok
2024-12-01,crypto_derivatives,sub_lev_stress_rank,sub_signal,0.5821,0.6313,-0.0492,False,ok
2024-12-01,crypto_derivatives,sub_coin_margin_ratio_rank,sub_signal,0.5674,0.6384,-0.0710,False,ok
2024-12-01,crypto_derivatives,sub_basis_rank,sub_signal,0.5002,0.4382,0.0619,True,OOS 0.438<=0.5
2024-12-01,crypto_derivatives,sub_rv21_zscore_rank,sub_signal,0.4150,0.3166,0.0984,True,OOS 0.317<=0.5
2024-12-01,classic_cycle,classic_cycle_score,composite,0.5921,0.3354,0.2567,True,OOS 0.335<=0.5
2024-12-01,classic_cycle,sub_golden_ratio,sub_signal,0.5726,0.3541,0.2185,True,OOS 0.354<=0.5
2024-12-01,classic_cycle,sub_bmo,sub_signal,0.3876,0.2732,0.1144,True,OOS 0.273<=0.5
2024-12-01,classic_cycle,sub_ahr999,sub_signal,0.2918,0.3236,-0.0317,True,OOS 0.324<=0.5
2024-12-01,classic_cycle,sub_fear_greed,sub_signal,0.6341,0.3584,0.2757,True,OOS 0.358<=0.5
2024-12-01,etf_flows,etf_flows_score,composite,,0.7448,,False,ok
2024-12-01,etf_flows,sub_etf_net_flow_rank,sub_signal,,0.7760,,False,ok
2024-12-01,etf_flows,sub_etf_premium_rank,sub_signal,,0.4559,,True,OOS 0.456<=0.5
2024-12-01,etf_flows,sub_etf_flow_divergence_rank,sub_signal,,0.7712,,False,ok
2024-12-01,etf_flows,sub_etf_volume_share_rank,sub_signal,,0.5525,,False,ok
2024-12-01,eth,eth_score,composite,0.7014,0.4863,0.2152,True,OOS 0.486<=0.5
2024-12-01,eth,sub_eth_funding_divergence_rank,sub_signal,0.6461,0.5020,0.1441,False,ok
2024-12-01,eth,sub_eth_speculation_ratio_rank,sub_signal,0.7109,0.5589,0.1520,True,delta +0.152>0.15
2024-12-01,eth,sub_eth_liq_stress_rank,sub_signal,0.4786,0.6362,-0.1577,False,ok
2024-12-01,eth,sub_eth_funding_zscore_rank,sub_signal,0.4863,0.5914,-0.1051,False,ok
2024-12-01,eth,sub_eth_cvd_divergence_rank,sub_signal,0.4695,0.5671,-0.0977,False,ok
2024-12-01,eth,sub_eth_btc_dominance_rank,sub_signal,0.5209,0.3248,0.1961,True,OOS 0.325<=0.5
2024-12-01,eth,sub_eth_basis_compression_rank,sub_signal,0.5456,0.4280,0.1176,True,OOS 0.428<=0.5
2025-01-01,macro_equities,macro_equities_score,composite,0.7677,0.5500,0.2177,True,delta +0.218>0.15
2025-01-01,macro_equities,sub_spx_overext_rank,sub_signal,0.3654,0.4679,-0.1025,True,OOS 0.468<=0.5
2025-01-01,macro_equities,sub_real_rate_rank,sub_signal,0.7664,0.4575,0.3089,True,OOS 0.457<=0.5
2025-01-01,macro_equities,sub_hy_spread_roc_rank,sub_signal,,0.5225,,False,ok
2025-01-01,macro_equities,sub_yield_curve_roc_rank,sub_signal,0.5823,0.6198,-0.0375,False,ok
2025-01-01,macro_equities,sub_rates_abs_stress_rank,sub_signal,0.5613,0.3195,0.2418,True,OOS 0.319<=0.5
2025-01-01,macro_equities,sub_fed_funds_stress_rank,sub_signal,0.5436,0.7491,-0.2055,False,ok
2025-01-01,macro_equities,sub_vix_z90_rank,sub_signal,0.5230,0.4200,0.1030,True,OOS 0.420<=0.5
2025-01-01,macro_equities,sub_fx_stress_rank,sub_signal,0.5008,0.3063,0.1946,True,OOS 0.306<=0.5
2025-01-01,cme,cme_score,composite,0.9052,0.7166,0.1885,True,delta +0.189>0.15
2025-01-01,cme,sub_dealer_net_rank,sub_signal,0.5681,0.5227,0.0455,False,ok
2025-01-01,cme,sub_asset_mgr_net_pct_rank,sub_signal,0.8053,0.5650,0.2403,True,delta +0.240>0.15
2025-01-01,cme,sub_lev_funds_net_pct_rank,sub_signal,0.7368,0.7348,0.0020,False,ok
2025-01-01,crypto_derivatives,crypto_derivatives_score,composite,0.6636,0.6354,0.0282,False,ok
2025-01-01,crypto_derivatives,sub_funding_divergence_rank,sub_signal,0.6198,0.5891,0.0306,False,ok
2025-01-01,crypto_derivatives,sub_liq_stress_rank,sub_signal,0.5581,0.5968,-0.0387,False,ok
2025-01-01,crypto_derivatives,sub_speculation_ratio_rank,sub_signal,0.6452,0.5668,0.0784,False,ok
2025-01-01,crypto_derivatives,sub_cvd_divergence_rank,sub_signal,0.6521,0.2736,0.3785,True,OOS 0.274<=0.5
2025-01-01,crypto_derivatives,sub_alt_rotation_rank,sub_signal,0.4822,0.7258,-0.2436,False,ok
2025-01-01,crypto_derivatives,sub_funding_zscore_rank,sub_signal,0.4848,0.7146,-0.2298,False,ok
2025-01-01,crypto_derivatives,sub_lev_stress_rank,sub_signal,0.5597,0.6657,-0.1060,False,ok
2025-01-01,crypto_derivatives,sub_coin_margin_ratio_rank,sub_signal,0.5747,0.6457,-0.0710,False,ok
2025-01-01,crypto_derivatives,sub_basis_rank,sub_signal,0.5220,0.3975,0.1245,True,OOS 0.398<=0.5
2025-01-01,crypto_derivatives,sub_rv21_zscore_rank,sub_signal,0.4032,0.3348,0.0683,True,OOS 0.335<=0.5
2025-01-01,classic_cycle,classic_cycle_score,composite,0.6088,0.3457,0.2631,True,OOS 0.346<=0.5
2025-01-01,classic_cycle,sub_golden_ratio,sub_signal,0.5916,0.3514,0.2402,True,OOS 0.351<=0.5
2025-01-01,classic_cycle,sub_bmo,sub_signal,0.4056,0.3280,0.0775,True,OOS 0.328<=0.5
2025-01-01,classic_cycle,sub_ahr999,sub_signal,0.2990,0.3889,-0.0899,True,OOS 0.389<=0.5
2025-01-01,classic_cycle,sub_fear_greed,sub_signal,0.6475,0.3702,0.2773,True,OOS 0.370<=0.5
2025-01-01,etf_flows,etf_flows_score,composite,,0.7267,,False,ok
2025-01-01,etf_flows,sub_etf_net_flow_rank,sub_signal,,0.7461,,False,ok
2025-01-01,etf_flows,sub_etf_premium_rank,sub_signal,,0.4536,,True,OOS 0.454<=0.5
2025-01-01,etf_flows,sub_etf_flow_divergence_rank,sub_signal,,0.7419,,False,ok
2025-01-01,etf_flows,sub_etf_volume_share_rank,sub_signal,,0.5559,,False,ok
2025-01-01,eth,eth_score,composite,0.7140,0.4566,0.2573,True,OOS 0.457<=0.5
2025-01-01,eth,sub_eth_funding_divergence_rank,sub_signal,0.6587,0.4921,0.1666,True,OOS 0.492<=0.5
2025-01-01,eth,sub_eth_speculation_ratio_rank,sub_signal,0.6969,0.5368,0.1602,True,delta +0.160>0.15
2025-01-01,eth,sub_eth_liq_stress_rank,sub_signal,0.4899,0.6507,-0.1608,False,ok
2025-01-01,eth,sub_eth_funding_zscore_rank,sub_signal,0.4805,0.6202,-0.1397,False,ok
2025-01-01,eth,sub_eth_cvd_divergence_rank,sub_signal,0.4749,0.6202,-0.1453,False,ok
2025-01-01,eth,sub_eth_btc_dominance_rank,sub_signal,0.5203,0.3286,0.1917,True,OOS 0.329<=0.5
2025-01-01,eth,sub_eth_basis_compression_rank,sub_signal,0.5658,0.3932,0.1726,True,OOS 0.393<=0.5
2025-02-01,macro_equities,macro_equities_score,composite,0.7771,0.3325,0.4446,True,OOS 0.332<=0.5
2025-02-01,macro_equities,sub_spx_overext_rank,sub_signal,0.3522,0.3239,0.0284,True,OOS 0.324<=0.5
2025-02-01,macro_equities,sub_real_rate_rank,sub_signal,0.7722,0.3812,0.3909,True,OOS 0.381<=0.5
2025-02-01,macro_equities,sub_hy_spread_roc_rank,sub_signal,,0.3557,,True,OOS 0.356<=0.5
2025-02-01,macro_equities,sub_yield_curve_roc_rank,sub_signal,0.5955,0.4991,0.0964,True,OOS 0.499<=0.5
2025-02-01,macro_equities,sub_rates_abs_stress_rank,sub_signal,0.5703,0.2617,0.3086,True,OOS 0.262<=0.5
2025-02-01,macro_equities,sub_fed_funds_stress_rank,sub_signal,0.5588,0.5166,0.0423,False,ok
2025-02-01,macro_equities,sub_vix_z90_rank,sub_signal,0.5218,0.4212,0.1006,True,OOS 0.421<=0.5
2025-02-01,macro_equities,sub_fx_stress_rank,sub_signal,0.5032,0.3480,0.1552,True,OOS 0.348<=0.5
2025-02-01,cme,cme_score,composite,0.8958,0.4159,0.4799,True,OOS 0.416<=0.5
2025-02-01,cme,sub_dealer_net_rank,sub_signal,0.5714,0.3587,0.2127,True,OOS 0.359<=0.5
2025-02-01,cme,sub_asset_mgr_net_pct_rank,sub_signal,0.7943,0.3568,0.4376,True,OOS 0.357<=0.5
2025-02-01,cme,sub_lev_funds_net_pct_rank,sub_signal,0.7396,0.5889,0.1507,True,delta +0.151>0.15
2025-02-01,crypto_derivatives,crypto_derivatives_score,composite,0.6745,0.7077,-0.0332,False,ok
2025-02-01,crypto_derivatives,sub_funding_divergence_rank,sub_signal,0.6376,0.6114,0.0262,False,ok
2025-02-01,crypto_derivatives,sub_liq_stress_rank,sub_signal,0.5686,0.4973,0.0712,True,OOS 0.497<=0.5
2025-02-01,crypto_derivatives,sub_speculation_ratio_rank,sub_signal,0.6468,0.7256,-0.0788,False,ok
2025-02-01,crypto_derivatives,sub_cvd_divergence_rank,sub_signal,0.6393,0.3420,0.2973,True,OOS 0.342<=0.5
2025-02-01,crypto_derivatives,sub_alt_rotation_rank,sub_signal,0.4791,0.6180,-0.1390,False,ok
2025-02-01,crypto_derivatives,sub_funding_zscore_rank,sub_signal,0.4966,0.5687,-0.0721,False,ok
2025-02-01,crypto_derivatives,sub_lev_stress_rank,sub_signal,0.5495,0.5138,0.0357,False,ok
2025-02-01,crypto_derivatives,sub_coin_margin_ratio_rank,sub_signal,0.5773,0.3775,0.1998,True,OOS 0.377<=0.5
2025-02-01,crypto_derivatives,sub_basis_rank,sub_signal,0.5369,0.5368,0.0001,False,ok
2025-02-01,crypto_derivatives,sub_rv21_zscore_rank,sub_signal,0.3909,0.3782,0.0127,True,OOS 0.378<=0.5
2025-02-01,classic_cycle,classic_cycle_score,composite,0.6207,0.3808,0.2398,True,OOS 0.381<=0.5
2025-02-01,classic_cycle,sub_golden_ratio,sub_signal,0.6067,0.4274,0.1794,True,OOS 0.427<=0.5
2025-02-01,classic_cycle,sub_bmo,sub_signal,0.4200,0.2694,0.1506,True,OOS 0.269<=0.5
2025-02-01,classic_cycle,sub_ahr999,sub_signal,0.3035,0.3101,-0.0065,True,OOS 0.310<=0.5
2025-02-01,classic_cycle,sub_fear_greed,sub_signal,0.6567,0.3735,0.2832,True,OOS 0.373<=0.5
2025-02-01,etf_flows,etf_flows_score,composite,,0.7541,,False,ok
2025-02-01,etf_flows,sub_etf_net_flow_rank,sub_signal,,0.7451,,False,ok
2025-02-01,etf_flows,sub_etf_premium_rank,sub_signal,,0.5903,,False,ok
2025-02-01,etf_flows,sub_etf_flow_divergence_rank,sub_signal,,0.6954,,False,ok
2025-02-01,etf_flows,sub_etf_volume_share_rank,sub_signal,,0.5913,,False,ok
2025-02-01,eth,eth_score,composite,0.7213,0.5592,0.1621,True,delta +0.162>0.15
2025-02-01,eth,sub_eth_funding_divergence_rank,sub_signal,0.6703,0.3979,0.2724,True,OOS 0.398<=0.5
2025-02-01,eth,sub_eth_speculation_ratio_rank,sub_signal,0.6755,0.7142,-0.0387,False,ok
2025-02-01,eth,sub_eth_liq_stress_rank,sub_signal,0.4994,0.5112,-0.0118,False,ok
2025-02-01,eth,sub_eth_funding_zscore_rank,sub_signal,0.4922,0.5846,-0.0924,False,ok
2025-02-01,eth,sub_eth_cvd_divergence_rank,sub_signal,0.4808,0.4677,0.0131,True,OOS 0.468<=0.5
2025-02-01,eth,sub_eth_btc_dominance_rank,sub_signal,0.5235,0.4062,0.1173,True,OOS 0.406<=0.5
2025-02-01,eth,sub_eth_basis_compression_rank,sub_signal,0.5791,0.5017,0.0774,False,ok
2025-03-01,macro_equities,macro_equities_score,composite,0.7795,0.5336,0.2459,True,delta +0.246>0.15
2025-03-01,macro_equities,sub_spx_overext_rank,sub_signal,0.3392,0.3013,0.0379,True,OOS 0.301<=0.5
2025-03-01,macro_equities,sub_real_rate_rank,sub_signal,0.7773,0.4304,0.3470,True,OOS 0.430<=0.5
2025-03-01,macro_equities,sub_hy_spread_roc_rank,sub_signal,,0.3833,,True,OOS 0.383<=0.5
2025-03-01,macro_equities,sub_yield_curve_roc_rank,sub_signal,0.5944,0.6619,-0.0675,False,ok
2025-03-01,macro_equities,sub_rates_abs_stress_rank,sub_signal,0.5785,0.1856,0.3929,True,OOS 0.186<=0.5
2025-03-01,macro_equities,sub_fed_funds_stress_rank,sub_signal,0.5714,0.4738,0.0976,True,OOS 0.474<=0.5
2025-03-01,macro_equities,sub_vix_z90_rank,sub_signal,0.5100,0.4637,0.0463,True,OOS 0.464<=0.5
2025-03-01,macro_equities,sub_fx_stress_rank,sub_signal,0.5050,0.3399,0.1651,True,OOS 0.340<=0.5
2025-03-01,cme,cme_score,composite,0.8891,0.3360,0.5531,True,OOS 0.336<=0.5
2025-03-01,cme,sub_dealer_net_rank,sub_signal,0.5768,0.3618,0.2150,True,OOS 0.362<=0.5
2025-03-01,cme,sub_asset_mgr_net_pct_rank,sub_signal,0.7846,0.2825,0.5022,True,OOS 0.282<=0.5
2025-03-01,cme,sub_lev_funds_net_pct_rank,sub_signal,0.7411,0.5236,0.2175,True,delta +0.217>0.15
2025-03-01,crypto_derivatives,crypto_derivatives_score,composite,0.6824,0.7529,-0.0705,False,ok
2025-03-01,crypto_derivatives,sub_funding_divergence_rank,sub_signal,0.6349,0.6377,-0.0028,False,ok
2025-03-01,crypto_derivatives,sub_liq_stress_rank,sub_signal,0.5720,0.5312,0.0407,False,ok
2025-03-01,crypto_derivatives,sub_speculation_ratio_rank,sub_signal,0.6512,0.7275,-0.0763,False,ok
2025-03-01,crypto_derivatives,sub_cvd_divergence_rank,sub_signal,0.6444,0.3759,0.2685,True,OOS 0.376<=0.5
2025-03-01,crypto_derivatives,sub_alt_rotation_rank,sub_signal,0.4781,0.6435,-0.1653,False,ok
2025-03-01,crypto_derivatives,sub_funding_zscore_rank,sub_signal,0.4923,0.5354,-0.0431,False,ok
2025-03-01,crypto_derivatives,sub_lev_stress_rank,sub_signal,0.5359,0.4497,0.0862,True,OOS 0.450<=0.5
2025-03-01,crypto_derivatives,sub_coin_margin_ratio_rank,sub_signal,0.5849,0.3868,0.1982,True,OOS 0.387<=0.5
2025-03-01,crypto_derivatives,sub_basis_rank,sub_signal,0.5492,0.5887,-0.0395,False,ok
2025-03-01,crypto_derivatives,sub_rv21_zscore_rank,sub_signal,0.4075,0.2517,0.1558,True,OOS 0.252<=0.5
2025-03-01,classic_cycle,classic_cycle_score,composite,0.6332,0.4768,0.1564,True,OOS 0.477<=0.5
2025-03-01,classic_cycle,sub_golden_ratio,sub_signal,0.6207,0.4664,0.1543,True,OOS 0.466<=0.5
2025-03-01,classic_cycle,sub_bmo,sub_signal,0.4346,0.3461,0.0885,True,OOS 0.346<=0.5
2025-03-01,classic_cycle,sub_ahr999,sub_signal,0.3118,0.3486,-0.0368,True,OOS 0.349<=0.5
2025-03-01,classic_cycle,sub_fear_greed,sub_signal,0.6672,0.4965,0.1707,True,OOS 0.497<=0.5
2025-03-01,etf_flows,etf_flows_score,composite,,0.6082,,False,ok
2025-03-01,etf_flows,sub_etf_net_flow_rank,sub_signal,,0.5743,,False,ok
2025-03-01,etf_flows,sub_etf_premium_rank,sub_signal,,0.6079,,False,ok
2025-03-01,etf_flows,sub_etf_flow_divergence_rank,sub_signal,,0.5368,,False,ok
2025-03-01,etf_flows,sub_etf_volume_share_rank,sub_signal,,0.5759,,False,ok
2025-03-01,eth,eth_score,composite,0.7165,0.7012,0.0153,False,ok
2025-03-01,eth,sub_eth_funding_divergence_rank,sub_signal,0.6705,0.5292,0.1412,False,ok
2025-03-01,eth,sub_eth_speculation_ratio_rank,sub_signal,0.6587,0.7395,-0.0808,False,ok
2025-03-01,eth,sub_eth_liq_stress_rank,sub_signal,0.5044,0.5506,-0.0462,False,ok
2025-03-01,eth,sub_eth_funding_zscore_rank,sub_signal,0.4883,0.5482,-0.0599,False,ok
2025-03-01,eth,sub_eth_cvd_divergence_rank,sub_signal,0.4777,0.5232,-0.0454,False,ok
2025-03-01,eth,sub_eth_btc_dominance_rank,sub_signal,0.5226,0.4226,0.1000,True,OOS 0.423<=0.5
2025-03-01,eth,sub_eth_basis_compression_rank,sub_signal,0.5893,0.5758,0.0135,False,ok
2025-04-01,macro_equities,macro_equities_score,composite,0.7834,0.5338,0.2496,True,delta +0.250>0.15
2025-04-01,macro_equities,sub_spx_overext_rank,sub_signal,0.3292,0.3862,-0.0570,True,OOS 0.386<=0.5
2025-04-01,macro_equities,sub_real_rate_rank,sub_signal,0.7810,0.3791,0.4020,True,OOS 0.379<=0.5
2025-04-01,macro_equities,sub_hy_spread_roc_rank,sub_signal,0.5468,0.3381,0.2087,True,OOS 0.338<=0.5
2025-04-01,macro_equities,sub_yield_curve_roc_rank,sub_signal,0.5966,0.6765,-0.0799,False,ok
2025-04-01,macro_equities,sub_rates_abs_stress_rank,sub_signal,0.5865,0.1496,0.4369,True,OOS 0.150<=0.5
2025-04-01,macro_equities,sub_fed_funds_stress_rank,sub_signal,0.5822,0.4598,0.1225,True,OOS 0.460<=0.5
2025-04-01,macro_equities,sub_vix_z90_rank,sub_signal,0.5068,0.4317,0.0751,True,OOS 0.432<=0.5
2025-04-01,macro_equities,sub_fx_stress_rank,sub_signal,0.5035,0.3403,0.1632,True,OOS 0.340<=0.5
2025-04-01,cme,cme_score,composite,0.8828,0.3571,0.5257,True,OOS 0.357<=0.5
2025-04-01,cme,sub_dealer_net_rank,sub_signal,0.5844,0.3710,0.2134,True,OOS 0.371<=0.5
2025-04-01,cme,sub_asset_mgr_net_pct_rank,sub_signal,0.7771,0.3274,0.4497,True,OOS 0.327<=0.5
2025-04-01,cme,sub_lev_funds_net_pct_rank,sub_signal,0.7376,0.4788,0.2588,True,OOS 0.479<=0.5
2025-04-01,crypto_derivatives,crypto_derivatives_score,composite,0.6866,0.7504,-0.0638,False,ok
2025-04-01,crypto_derivatives,sub_funding_divergence_rank,sub_signal,0.6436,0.5937,0.0500,False,ok
2025-04-01,crypto_derivatives,sub_liq_stress_rank,sub_signal,0.5811,0.5312,0.0499,False,ok
2025-04-01,crypto_derivatives,sub_speculation_ratio_rank,sub_signal,0.6493,0.7506,-0.1013,False,ok
2025-04-01,crypto_derivatives,sub_cvd_divergence_rank,sub_signal,0.6286,0.3943,0.2342,True,OOS 0.394<=0.5
2025-04-01,crypto_derivatives,sub_alt_rotation_rank,sub_signal,0.4773,0.6609,-0.1836,False,ok
2025-04-01,crypto_derivatives,sub_funding_zscore_rank,sub_signal,0.4926,0.5545,-0.0619,False,ok
2025-04-01,crypto_derivatives,sub_lev_stress_rank,sub_signal,0.5178,0.5217,-0.0039,False,ok
2025-04-01,crypto_derivatives,sub_coin_margin_ratio_rank,sub_signal,0.5825,0.4087,0.1737,True,OOS 0.409<=0.5
2025-04-01,crypto_derivatives,sub_basis_rank,sub_signal,0.5640,0.5412,0.0228,False,ok
2025-04-01,crypto_derivatives,sub_rv21_zscore_rank,sub_signal,0.3952,0.2421,0.1530,True,OOS 0.242<=0.5
2025-04-01,classic_cycle,classic_cycle_score,composite,0.6443,0.3892,0.2551,True,OOS 0.389<=0.5
2025-04-01,classic_cycle,sub_golden_ratio,sub_signal,0.6324,0.3788,0.2535,True,OOS 0.379<=0.5
2025-04-01,classic_cycle,sub_bmo,sub_signal,0.4538,0.2617,0.1920,True,OOS 0.262<=0.5
2025-04-01,classic_cycle,sub_ahr999,sub_signal,0.3268,0.2660,0.0608,True,OOS 0.266<=0.5
2025-04-01,classic_cycle,sub_fear_greed,sub_signal,0.6766,0.4170,0.2596,True,OOS 0.417<=0.5
2025-04-01,etf_flows,etf_flows_score,composite,,0.6104,,False,ok
2025-04-01,etf_flows,sub_etf_net_flow_rank,sub_signal,,0.5857,,False,ok
2025-04-01,etf_flows,sub_etf_premium_rank,sub_signal,,0.6074,,False,ok
2025-04-01,etf_flows,sub_etf_flow_divergence_rank,sub_signal,,0.5325,,False,ok
2025-04-01,etf_flows,sub_etf_volume_share_rank,sub_signal,,0.5680,,False,ok
2025-04-01,eth,eth_score,composite,0.7224,0.6807,0.0417,False,ok
2025-04-01,eth,sub_eth_funding_divergence_rank,sub_signal,0.6774,0.4824,0.1949,True,OOS 0.482<=0.5
2025-04-01,eth,sub_eth_speculation_ratio_rank,sub_signal,0.6380,0.7828,-0.1449,False,ok
2025-04-01,eth,sub_eth_liq_stress_rank,sub_signal,0.5120,0.5597,-0.0476,False,ok
2025-04-01,eth,sub_eth_funding_zscore_rank,sub_signal,0.4879,0.5533,-0.0654,False,ok
2025-04-01,eth,sub_eth_cvd_divergence_rank,sub_signal,0.4926,0.4754,0.0172,True,OOS 0.475<=0.5
2025-04-01,eth,sub_eth_btc_dominance_rank,sub_signal,0.5270,0.4093,0.1177,True,OOS 0.409<=0.5
2025-04-01,eth,sub_eth_basis_compression_rank,sub_signal,0.6023,0.5320,0.0703,False,ok
2025-05-01,macro_equities,macro_equities_score,composite,0.7894,0.5623,0.2271,True,delta +0.227>0.15
2025-05-01,macro_equities,sub_spx_overext_rank,sub_signal,0.3212,0.4607,-0.1395,True,OOS 0.461<=0.5
2025-05-01,macro_equities,sub_real_rate_rank,sub_signal,0.7861,0.3179,0.4682,True,OOS 0.318<=0.5
2025-05-01,macro_equities,sub_hy_spread_roc_rank,sub_signal,0.4497,0.3235,0.1262,True,OOS 0.323<=0.5
2025-05-01,macro_equities,sub_yield_curve_roc_rank,sub_signal,0.6034,0.6938,-0.0904,False,ok
2025-05-01,macro_equities,sub_rates_abs_stress_rank,sub_signal,0.5736,0.1636,0.4100,True,OOS 0.164<=0.5
2025-05-01,macro_equities,sub_fed_funds_stress_rank,sub_signal,0.5936,0.4317,0.1619,True,OOS 0.432<=0.5
2025-05-01,macro_equities,sub_vix_z90_rank,sub_signal,0.4923,0.4369,0.0554,True,OOS 0.437<=0.5
2025-05-01,macro_equities,sub_fx_stress_rank,sub_signal,0.5072,0.3263,0.1809,True,OOS 0.326<=0.5
2025-05-01,cme,cme_score,composite,0.8611,0.4198,0.4413,True,OOS 0.420<=0.5
2025-05-01,cme,sub_dealer_net_rank,sub_signal,0.5938,0.3755,0.2182,True,OOS 0.376<=0.5
2025-05-01,cme,sub_asset_mgr_net_pct_rank,sub_signal,0.7542,0.4085,0.3457,True,OOS 0.408<=0.5
2025-05-01,cme,sub_lev_funds_net_pct_rank,sub_signal,0.7151,0.5099,0.2052,True,delta +0.205>0.15
2025-05-01,crypto_derivatives,crypto_derivatives_score,composite,0.6940,0.7389,-0.0449,False,ok
2025-05-01,crypto_derivatives,sub_funding_divergence_rank,sub_signal,0.6548,0.5290,0.1258,False,ok
2025-05-01,crypto_derivatives,sub_liq_stress_rank,sub_signal,0.5913,0.5211,0.0702,False,ok
2025-05-01,crypto_derivatives,sub_speculation_ratio_rank,sub_signal,0.6554,0.7564,-0.1010,False,ok
2025-05-01,crypto_derivatives,sub_cvd_divergence_rank,sub_signal,0.6138,0.4591,0.1547,True,OOS 0.459<=0.5
2025-05-01,crypto_derivatives,sub_alt_rotation_rank,sub_signal,0.4753,0.6693,-0.1940,False,ok
2025-05-01,crypto_derivatives,sub_funding_zscore_rank,sub_signal,0.5036,0.5302,-0.0266,False,ok
2025-05-01,crypto_derivatives,sub_lev_stress_rank,sub_signal,0.5160,0.5424,-0.0264,False,ok
2025-05-01,crypto_derivatives,sub_coin_margin_ratio_rank,sub_signal,0.5752,0.4784,0.0968,True,OOS 0.478<=0.5
2025-05-01,crypto_derivatives,sub_basis_rank,sub_signal,0.5675,0.5170,0.0505,False,ok
2025-05-01,crypto_derivatives,sub_rv21_zscore_rank,sub_signal,0.3909,0.2401,0.1508,True,OOS 0.240<=0.5
2025-05-01,classic_cycle,classic_cycle_score,composite,0.6565,0.3196,0.3369,True,OOS 0.320<=0.5
2025-05-01,classic_cycle,sub_golden_ratio,sub_signal,0.6457,0.2868,0.3589,True,OOS 0.287<=0.5
2025-05-01,classic_cycle,sub_bmo,sub_signal,0.4696,0.2084,0.2612,True,OOS 0.208<=0.5
2025-05-01,classic_cycle,sub_ahr999,sub_signal,0.3390,0.2080,0.1309,True,OOS 0.208<=0.5
2025-05-01,classic_cycle,sub_fear_greed,sub_signal,0.6855,0.3661,0.3194,True,OOS 0.366<=0.5
2025-05-01,etf_flows,etf_flows_score,composite,0.9804,0.5874,0.3930,True,delta +0.393>0.15
2025-05-01,etf_flows,sub_etf_net_flow_rank,sub_signal,0.9898,0.5646,0.4252,True,delta +0.425>0.15
2025-05-01,etf_flows,sub_etf_premium_rank,sub_signal,,0.6154,,False,ok
2025-05-01,etf_flows,sub_etf_flow_divergence_rank,sub_signal,0.9898,0.5196,0.4702,True,delta +0.470>0.15
2025-05-01,etf_flows,sub_etf_volume_share_rank,sub_signal,0.9216,0.5625,0.3591,True,delta +0.359>0.15
2025-05-01,eth,eth_score,composite,0.7265,0.6585,0.0680,False,ok
2025-05-01,eth,sub_eth_funding_divergence_rank,sub_signal,0.6845,0.4288,0.2557,True,OOS 0.429<=0.5
2025-05-01,eth,sub_eth_speculation_ratio_rank,sub_signal,0.6252,0.8040,-0.1788,False,ok
2025-05-01,eth,sub_eth_liq_stress_rank,sub_signal,0.5226,0.5569,-0.0342,False,ok
2025-05-01,eth,sub_eth_funding_zscore_rank,sub_signal,0.4981,0.5260,-0.0279,False,ok
2025-05-01,eth,sub_eth_cvd_divergence_rank,sub_signal,0.5100,0.4092,0.1008,True,OOS 0.409<=0.5
2025-05-01,eth,sub_eth_btc_dominance_rank,sub_signal,0.5285,0.4009,0.1277,True,OOS 0.401<=0.5
2025-05-01,eth,sub_eth_basis_compression_rank,sub_signal,0.6030,0.5101,0.0930,False,ok
2025-06-01,macro_equities,macro_equities_score,composite,0.7905,0.5712,0.2193,True,delta +0.219>0.15
2025-06-01,macro_equities,sub_spx_overext_rank,sub_signal,0.3173,0.5286,-0.2113,False,ok
2025-06-01,macro_equities,sub_real_rate_rank,sub_signal,0.7878,0.2800,0.5078,True,OOS 0.280<=0.5
2025-06-01,macro_equities,sub_hy_spread_roc_rank,sub_signal,0.2643,0.3870,-0.1227,True,OOS 0.387<=0.5
2025-06-01,macro_equities,sub_yield_curve_roc_rank,sub_signal,0.6038,0.6954,-0.0916,False,ok
2025-06-01,macro_equities,sub_rates_abs_stress_rank,sub_signal,0.5793,0.1728,0.4066,True,OOS 0.173<=0.5
2025-06-01,macro_equities,sub_fed_funds_stress_rank,sub_signal,0.6011,0.4013,0.1999,True,OOS 0.401<=0.5
2025-06-01,macro_equities,sub_vix_z90_rank,sub_signal,0.4980,0.4427,0.0554,True,OOS 0.443<=0.5
2025-06-01,macro_equities,sub_fx_stress_rank,sub_signal,0.5050,0.2940,0.2110,True,OOS 0.294<=0.5
2025-06-01,cme,cme_score,composite,0.8444,0.4734,0.3709,True,OOS 0.473<=0.5
2025-06-01,cme,sub_dealer_net_rank,sub_signal,0.5994,0.3669,0.2325,True,OOS 0.367<=0.5
2025-06-01,cme,sub_asset_mgr_net_pct_rank,sub_signal,0.7431,0.4479,0.2951,True,OOS 0.448<=0.5
2025-06-01,cme,sub_lev_funds_net_pct_rank,sub_signal,0.6942,0.5701,0.1242,False,ok
2025-06-01,crypto_derivatives,crypto_derivatives_score,composite,0.6964,0.7516,-0.0552,False,ok
2025-06-01,crypto_derivatives,sub_funding_divergence_rank,sub_signal,0.6524,0.4971,0.1554,True,OOS 0.497<=0.5
2025-06-01,crypto_derivatives,sub_liq_stress_rank,sub_signal,0.5931,0.5262,0.0668,False,ok
2025-06-01,crypto_derivatives,sub_speculation_ratio_rank,sub_signal,0.6611,0.7592,-0.0981,False,ok
2025-06-01,crypto_derivatives,sub_cvd_divergence_rank,sub_signal,0.6097,0.4977,0.1120,True,OOS 0.498<=0.5
2025-06-01,crypto_derivatives,sub_alt_rotation_rank,sub_signal,0.4746,0.6837,-0.2091,False,ok
2025-06-01,crypto_derivatives,sub_funding_zscore_rank,sub_signal,0.5047,0.5058,-0.0010,False,ok
2025-06-01,crypto_derivatives,sub_lev_stress_rank,sub_signal,0.5189,0.5262,-0.0074,False,ok
2025-06-01,crypto_derivatives,sub_coin_margin_ratio_rank,sub_signal,0.5703,0.5209,0.0494,False,ok
2025-06-01,crypto_derivatives,sub_basis_rank,sub_signal,0.5672,0.5162,0.0510,False,ok
2025-06-01,crypto_derivatives,sub_rv21_zscore_rank,sub_signal,0.3947,0.2426,0.1521,True,OOS 0.243<=0.5
2025-06-01,classic_cycle,classic_cycle_score,composite,0.6606,0.3037,0.3569,True,OOS 0.304<=0.5
2025-06-01,classic_cycle,sub_golden_ratio,sub_signal,0.6523,0.2341,0.4182,True,OOS 0.234<=0.5
2025-06-01,classic_cycle,sub_bmo,sub_signal,0.4783,0.2304,0.2478,True,OOS 0.230<=0.5
2025-06-01,classic_cycle,sub_ahr999,sub_signal,0.3451,0.1985,0.1466,True,OOS 0.198<=0.5
2025-06-01,classic_cycle,sub_fear_greed,sub_signal,0.6873,0.3641,0.3231,True,OOS 0.364<=0.5
2025-06-01,etf_flows,etf_flows_score,composite,0.8792,0.5592,0.3200,True,delta +0.320>0.15
2025-06-01,etf_flows,sub_etf_net_flow_rank,sub_signal,0.9551,0.5286,0.4265,True,delta +0.426>0.15
2025-06-01,etf_flows,sub_etf_premium_rank,sub_signal,,0.6274,,False,ok
2025-06-01,etf_flows,sub_etf_flow_divergence_rank,sub_signal,0.9722,0.4950,0.4772,True,OOS 0.495<=0.5
2025-06-01,etf_flows,sub_etf_volume_share_rank,sub_signal,0.6417,0.5547,0.0870,False,ok
2025-06-01,eth,eth_score,composite,0.7245,0.6395,0.0849,False,ok
2025-06-01,eth,sub_eth_funding_divergence_rank,sub_signal,0.6861,0.3820,0.3041,True,OOS 0.382<=0.5
2025-06-01,eth,sub_eth_speculation_ratio_rank,sub_signal,0.6192,0.8194,-0.2002,False,ok
2025-06-01,eth,sub_eth_liq_stress_rank,sub_signal,0.5249,0.5773,-0.0524,False,ok
2025-06-01,eth,sub_eth_funding_zscore_rank,sub_signal,0.4977,0.5116,-0.0139,False,ok
2025-06-01,eth,sub_eth_cvd_divergence_rank,sub_signal,0.5175,0.4058,0.1117,True,OOS 0.406<=0.5
2025-06-01,eth,sub_eth_btc_dominance_rank,sub_signal,0.5285,0.3852,0.1433,True,OOS 0.385<=0.5
2025-06-01,eth,sub_eth_basis_compression_rank,sub_signal,0.5997,0.5149,0.0848,False,ok
2025-07-01,macro_equities,macro_equities_score,composite,0.7810,0.5412,0.2398,True,delta +0.240>0.15
2025-07-01,macro_equities,sub_spx_overext_rank,sub_signal,0.3246,0.5376,-0.2130,False,ok
2025-07-01,macro_equities,sub_real_rate_rank,sub_signal,0.7808,0.2771,0.5037,True,OOS 0.277<=0.5
2025-07-01,macro_equities,sub_hy_spread_roc_rank,sub_signal,0.6529,0.4012,0.2517,True,OOS 0.401<=0.5
2025-07-01,macro_equities,sub_yield_curve_roc_rank,sub_signal,0.6048,0.6550,-0.0503,False,ok
2025-07-01,macro_equities,sub_rates_abs_stress_rank,sub_signal,0.5665,0.2095,0.3570,True,OOS 0.210<=0.5
2025-07-01,macro_equities,sub_fed_funds_stress_rank,sub_signal,0.5980,0.3712,0.2269,True,OOS 0.371<=0.5
2025-07-01,macro_equities,sub_vix_z90_rank,sub_signal,0.4955,0.5093,-0.0138,False,ok
2025-07-01,macro_equities,sub_fx_stress_rank,sub_signal,0.4951,0.2830,0.2121,True,OOS 0.283<=0.5
2025-07-01,cme,cme_score,composite,0.8378,0.4887,0.3491,True,OOS 0.489<=0.5
2025-07-01,cme,sub_dealer_net_rank,sub_signal,0.5959,0.2886,0.3072,True,OOS 0.289<=0.5
2025-07-01,cme,sub_asset_mgr_net_pct_rank,sub_signal,0.7404,0.4300,0.3104,True,OOS 0.430<=0.5
2025-07-01,cme,sub_lev_funds_net_pct_rank,sub_signal,0.6898,0.5679,0.1219,False,ok
2025-07-01,crypto_derivatives,crypto_derivatives_score,composite,0.6951,0.7802,-0.0851,False,ok
2025-07-01,crypto_derivatives,sub_funding_divergence_rank,sub_signal,0.6392,0.5062,0.1330,False,ok
2025-07-01,crypto_derivatives,sub_liq_stress_rank,sub_signal,0.5879,0.5073,0.0806,False,ok
2025-07-01,crypto_derivatives,sub_speculation_ratio_rank,sub_signal,0.6630,0.7737,-0.1108,False,ok
2025-07-01,crypto_derivatives,sub_cvd_divergence_rank,sub_signal,0.5980,0.5230,0.0750,False,ok
2025-07-01,crypto_derivatives,sub_alt_rotation_rank,sub_signal,0.5011,0.6434,-0.1423,False,ok
2025-07-01,crypto_derivatives,sub_funding_zscore_rank,sub_signal,0.5123,0.4927,0.0196,True,OOS 0.493<=0.5
2025-07-01,crypto_derivatives,sub_lev_stress_rank,sub_signal,0.5286,0.5000,0.0285,False,ok
2025-07-01,crypto_derivatives,sub_coin_margin_ratio_rank,sub_signal,0.5718,0.4738,0.0981,True,OOS 0.474<=0.5
2025-07-01,crypto_derivatives,sub_basis_rank,sub_signal,0.5576,0.5713,-0.0138,False,ok
2025-07-01,crypto_derivatives,sub_rv21_zscore_rank,sub_signal,0.3958,0.2648,0.1310,True,OOS 0.265<=0.5
2025-07-01,classic_cycle,classic_cycle_score,composite,0.6461,0.3208,0.3253,True,OOS 0.321<=0.5
2025-07-01,classic_cycle,sub_golden_ratio,sub_signal,0.6404,0.2246,0.4157,True,OOS 0.225<=0.5
2025-07-01,classic_cycle,sub_bmo,sub_signal,0.4717,0.2607,0.2110,True,OOS 0.261<=0.5
2025-07-01,classic_cycle,sub_ahr999,sub_signal,0.3422,0.1931,0.1491,True,OOS 0.193<=0.5
2025-07-01,classic_cycle,sub_fear_greed,sub_signal,0.6704,0.3866,0.2837,True,OOS 0.387<=0.5
2025-07-01,etf_flows,etf_flows_score,composite,0.9376,0.4924,0.4452,True,OOS 0.492<=0.5
2025-07-01,etf_flows,sub_etf_net_flow_rank,sub_signal,0.9295,0.4573,0.4722,True,OOS 0.457<=0.5
2025-07-01,etf_flows,sub_etf_premium_rank,sub_signal,,0.6318,,False,ok
2025-07-01,etf_flows,sub_etf_flow_divergence_rank,sub_signal,0.8995,0.4596,0.4400,True,OOS 0.460<=0.5
2025-07-01,etf_flows,sub_etf_volume_share_rank,sub_signal,0.5802,0.5511,0.0291,False,ok
2025-07-01,eth,eth_score,composite,0.7106,0.7284,-0.0178,False,ok
2025-07-01,eth,sub_eth_funding_divergence_rank,sub_signal,0.6628,0.4041,0.2587,True,OOS 0.404<=0.5
2025-07-01,eth,sub_eth_speculation_ratio_rank,sub_signal,0.6239,0.8329,-0.2090,False,ok
2025-07-01,eth,sub_eth_liq_stress_rank,sub_signal,0.5270,0.5573,-0.0303,False,ok
2025-07-01,eth,sub_eth_funding_zscore_rank,sub_signal,0.5011,0.5192,-0.0180,False,ok
2025-07-01,eth,sub_eth_cvd_divergence_rank,sub_signal,0.5163,0.3728,0.1435,True,OOS 0.373<=0.5
2025-07-01,eth,sub_eth_btc_dominance_rank,sub_signal,0.5106,0.4385,0.0721,True,OOS 0.438<=0.5
2025-07-01,eth,sub_eth_basis_compression_rank,sub_signal,0.5870,0.5793,0.0077,False,ok
2025-08-01,macro_equities,macro_equities_score,composite,0.7759,0.5646,0.2113,True,delta +0.211>0.15
2025-08-01,macro_equities,sub_spx_overext_rank,sub_signal,0.3233,0.5083,-0.1850,False,ok
2025-08-01,macro_equities,sub_real_rate_rank,sub_signal,0.7816,0.2266,0.5550,True,OOS 0.227<=0.5
2025-08-01,macro_equities,sub_hy_spread_roc_rank,sub_signal,0.5780,0.4356,0.1424,True,OOS 0.436<=0.5
2025-08-01,macro_equities,sub_yield_curve_roc_rank,sub_signal,0.6033,0.6981,-0.0948,False,ok
2025-08-01,macro_equities,sub_rates_abs_stress_rank,sub_signal,0.5629,0.2024,0.3604,True,OOS 0.202<=0.5
2025-08-01,macro_equities,sub_fed_funds_stress_rank,sub_signal,0.5999,0.3465,0.2533,True,OOS 0.347<=0.5
2025-08-01,macro_equities,sub_vix_z90_rank,sub_signal,0.5017,0.4961,0.0055,True,OOS 0.496<=0.5
2025-08-01,macro_equities,sub_fx_stress_rank,sub_signal,0.4869,0.2764,0.2104,True,OOS 0.276<=0.5
2025-08-01,cme,cme_score,composite,0.8211,0.5151,0.3060,True,delta +0.306>0.15
2025-08-01,cme,sub_dealer_net_rank,sub_signal,0.5961,0.2205,0.3756,True,OOS 0.221<=0.5
2025-08-01,cme,sub_asset_mgr_net_pct_rank,sub_signal,0.7330,0.3694,0.3637,True,OOS 0.369<=0.5
2025-08-01,cme,sub_lev_funds_net_pct_rank,sub_signal,0.6754,0.6360,0.0393,False,ok
2025-08-01,crypto_derivatives,crypto_derivatives_score,composite,0.6951,0.8218,-0.1267,False,ok
2025-08-01,crypto_derivatives,sub_funding_divergence_rank,sub_signal,0.6470,0.4466,0.2003,True,OOS 0.447<=0.5
2025-08-01,crypto_derivatives,sub_liq_stress_rank,sub_signal,0.5864,0.4971,0.0893,True,OOS 0.497<=0.5
2025-08-01,crypto_derivatives,sub_speculation_ratio_rank,sub_signal,0.6599,0.8359,-0.1760,False,ok
2025-08-01,crypto_derivatives,sub_cvd_divergence_rank,sub_signal,0.5867,0.6016,-0.0149,False,ok
2025-08-01,crypto_derivatives,sub_alt_rotation_rank,sub_signal,0.5014,0.6429,-0.1416,False,ok
2025-08-01,crypto_derivatives,sub_funding_zscore_rank,sub_signal,0.5185,0.4236,0.0949,True,OOS 0.424<=0.5
2025-08-01,crypto_derivatives,sub_lev_stress_rank,sub_signal,0.5338,0.4424,0.0914,True,OOS 0.442<=0.5
2025-08-01,crypto_derivatives,sub_coin_margin_ratio_rank,sub_signal,0.5646,0.4950,0.0696,True,OOS 0.495<=0.5
2025-08-01,crypto_derivatives,sub_basis_rank,sub_signal,0.5552,0.5944,-0.0392,False,ok
2025-08-01,crypto_derivatives,sub_rv21_zscore_rank,sub_signal,0.3976,0.2504,0.1472,True,OOS 0.250<=0.5
2025-08-01,classic_cycle,classic_cycle_score,composite,0.6398,0.3620,0.2778,True,OOS 0.362<=0.5
2025-08-01,classic_cycle,sub_golden_ratio,sub_signal,0.6363,0.2372,0.3991,True,OOS 0.237<=0.5
2025-08-01,classic_cycle,sub_bmo,sub_signal,0.4728,0.3127,0.1601,True,OOS 0.313<=0.5
2025-08-01,classic_cycle,sub_ahr999,sub_signal,0.3425,0.1868,0.1557,True,OOS 0.187<=0.5
2025-08-01,classic_cycle,sub_fear_greed,sub_signal,0.6600,0.4359,0.2241,True,OOS 0.436<=0.5
2025-08-01,etf_flows,etf_flows_score,composite,0.8296,0.4928,0.3368,True,OOS 0.493<=0.5
2025-08-01,etf_flows,sub_etf_net_flow_rank,sub_signal,0.8797,0.4305,0.4492,True,OOS 0.430<=0.5
2025-08-01,etf_flows,sub_etf_premium_rank,sub_signal,0.4858,0.6866,-0.2008,False,ok
2025-08-01,etf_flows,sub_etf_flow_divergence_rank,sub_signal,0.8514,0.4313,0.4201,True,OOS 0.431<=0.5
2025-08-01,etf_flows,sub_etf_volume_share_rank,sub_signal,0.5083,0.5724,-0.0641,False,ok
2025-08-01,eth,eth_score,composite,0.7106,0.7250,-0.0144,False,ok
2025-08-01,eth,sub_eth_funding_divergence_rank,sub_signal,0.6646,0.3381,0.3265,True,OOS 0.338<=0.5
2025-08-01,eth,sub_eth_speculation_ratio_rank,sub_signal,0.6178,0.8997,-0.2819,False,ok
2025-08-01,eth,sub_eth_liq_stress_rank,sub_signal,0.5298,0.5418,-0.0119,False,ok
2025-08-01,eth,sub_eth_funding_zscore_rank,sub_signal,0.5032,0.4870,0.0162,True,OOS 0.487<=0.5
2025-08-01,eth,sub_eth_cvd_divergence_rank,sub_signal,0.5213,0.3306,0.1908,True,OOS 0.331<=0.5
2025-08-01,eth,sub_eth_btc_dominance_rank,sub_signal,0.5130,0.4223,0.0907,True,OOS 0.422<=0.5
2025-08-01,eth,sub_eth_basis_compression_rank,sub_signal,0.5876,0.5802,0.0074,False,ok
2025-09-01,macro_equities,macro_equities_score,composite,0.7814,0.5645,0.2169,True,delta +0.217>0.15
2025-09-01,macro_equities,sub_spx_overext_rank,sub_signal,0.3225,0.4670,-0.1445,True,OOS 0.467<=0.5
2025-09-01,macro_equities,sub_real_rate_rank,sub_signal,0.7832,0.2266,0.5566,True,OOS 0.227<=0.5
2025-09-01,macro_equities,sub_hy_spread_roc_rank,sub_signal,0.5309,0.4534,0.0775,True,OOS 0.453<=0.5
2025-09-01,macro_equities,sub_yield_curve_roc_rank,sub_signal,0.6122,0.6793,-0.0670,False,ok
2025-09-01,macro_equities,sub_rates_abs_stress_rank,sub_signal,0.5522,0.2052,0.3469,True,OOS 0.205<=0.5
2025-09-01,macro_equities,sub_fed_funds_stress_rank,sub_signal,0.6073,0.3465,0.2608,True,OOS 0.347<=0.5
2025-09-01,macro_equities,sub_vix_z90_rank,sub_signal,0.4925,0.5647,-0.0723,False,ok
2025-09-01,macro_equities,sub_fx_stress_rank,sub_signal,0.4979,0.2162,0.2818,True,OOS 0.216<=0.5
2025-09-01,cme,cme_score,composite,0.7974,0.5709,0.2265,True,delta +0.227>0.15
2025-09-01,cme,sub_dealer_net_rank,sub_signal,0.5989,0.2205,0.3784,True,OOS 0.221<=0.5
2025-09-01,cme,sub_asset_mgr_net_pct_rank,sub_signal,0.7227,0.3717,0.3510,True,OOS 0.372<=0.5
2025-09-01,cme,sub_lev_funds_net_pct_rank,sub_signal,0.6559,0.7008,-0.0449,False,ok
2025-09-01,crypto_derivatives,crypto_derivatives_score,composite,0.6972,0.8378,-0.1406,False,ok
2025-09-01,crypto_derivatives,sub_funding_divergence_rank,sub_signal,0.6417,0.4894,0.1523,True,OOS 0.489<=0.5
2025-09-01,crypto_derivatives,sub_liq_stress_rank,sub_signal,0.5914,0.4964,0.0950,True,OOS 0.496<=0.5
2025-09-01,crypto_derivatives,sub_speculation_ratio_rank,sub_signal,0.6698,0.8258,-0.1560,False,ok
2025-09-01,crypto_derivatives,sub_cvd_divergence_rank,sub_signal,0.5788,0.5798,-0.0010,False,ok
2025-09-01,crypto_derivatives,sub_alt_rotation_rank,sub_signal,0.4988,0.6497,-0.1509,False,ok
2025-09-01,crypto_derivatives,sub_funding_zscore_rank,sub_signal,0.5252,0.4159,0.1093,True,OOS 0.416<=0.5
2025-09-01,crypto_derivatives,sub_lev_stress_rank,sub_signal,0.5410,0.4044,0.1366,True,OOS 0.404<=0.5
2025-09-01,crypto_derivatives,sub_coin_margin_ratio_rank,sub_signal,0.5711,0.4753,0.0958,True,OOS 0.475<=0.5
2025-09-01,crypto_derivatives,sub_basis_rank,sub_signal,0.5484,0.6067,-0.0583,False,ok
2025-09-01,crypto_derivatives,sub_rv21_zscore_rank,sub_signal,0.3869,0.2793,0.1076,True,OOS 0.279<=0.5
2025-09-01,classic_cycle,classic_cycle_score,composite,0.6401,0.3844,0.2556,True,OOS 0.384<=0.5
2025-09-01,classic_cycle,sub_golden_ratio,sub_signal,0.6397,0.2403,0.3994,True,OOS 0.240<=0.5
2025-09-01,classic_cycle,sub_bmo,sub_signal,0.4791,0.3781,0.1010,True,OOS 0.378<=0.5
2025-09-01,classic_cycle,sub_ahr999,sub_signal,0.3417,0.1952,0.1464,True,OOS 0.195<=0.5
2025-09-01,classic_cycle,sub_fear_greed,sub_signal,0.6546,0.4665,0.1881,True,OOS 0.466<=0.5
2025-09-01,etf_flows,etf_flows_score,composite,0.8439,0.4900,0.3540,True,OOS 0.490<=0.5
2025-09-01,etf_flows,sub_etf_net_flow_rank,sub_signal,0.8923,0.4387,0.4536,True,OOS 0.439<=0.5
2025-09-01,etf_flows,sub_etf_premium_rank,sub_signal,0.5000,0.6803,-0.1803,False,ok
2025-09-01,etf_flows,sub_etf_flow_divergence_rank,sub_signal,0.8613,0.4260,0.4353,True,OOS 0.426<=0.5
2025-09-01,etf_flows,sub_etf_volume_share_rank,sub_signal,0.5377,0.5758,-0.0380,False,ok
2025-09-01,eth,eth_score,composite,0.7089,0.7259,-0.0170,False,ok
2025-09-01,eth,sub_eth_funding_divergence_rank,sub_signal,0.6595,0.3252,0.3343,True,OOS 0.325<=0.5
2025-09-01,eth,sub_eth_speculation_ratio_rank,sub_signal,0.6223,0.9034,-0.2811,False,ok
2025-09-01,eth,sub_eth_liq_stress_rank,sub_signal,0.5368,0.5540,-0.0172,False,ok
2025-09-01,eth,sub_eth_funding_zscore_rank,sub_signal,0.5086,0.4822,0.0264,True,OOS 0.482<=0.5
2025-09-01,eth,sub_eth_cvd_divergence_rank,sub_signal,0.5296,0.3472,0.1824,True,OOS 0.347<=0.5
2025-09-01,eth,sub_eth_btc_dominance_rank,sub_signal,0.5147,0.4134,0.1013,True,OOS 0.413<=0.5
2025-09-01,eth,sub_eth_basis_compression_rank,sub_signal,0.5804,0.6035,-0.0230,False,ok
2025-10-01,macro_equities,macro_equities_score,composite,0.7872,0.6459,0.1412,False,ok
2025-10-01,macro_equities,sub_spx_overext_rank,sub_signal,0.3201,0.6083,-0.2882,False,ok
2025-10-01,macro_equities,sub_real_rate_rank,sub_signal,0.7847,0.4372,0.3475,True,OOS 0.437<=0.5
2025-10-01,macro_equities,sub_hy_spread_roc_rank,sub_signal,0.5425,0.4633,0.0793,True,OOS 0.463<=0.5
2025-10-01,macro_equities,sub_yield_curve_roc_rank,sub_signal,0.6215,0.6802,-0.0587,False,ok
2025-10-01,macro_equities,sub_rates_abs_stress_rank,sub_signal,0.5497,0.2746,0.2750,True,OOS 0.275<=0.5
2025-10-01,macro_equities,sub_fed_funds_stress_rank,sub_signal,0.6162,0.2347,0.3815,True,OOS 0.235<=0.5
2025-10-01,macro_equities,sub_vix_z90_rank,sub_signal,0.4871,0.5998,-0.1127,False,ok
2025-10-01,macro_equities,sub_fx_stress_rank,sub_signal,0.5001,0.3629,0.1372,True,OOS 0.363<=0.5
2025-10-01,cme,cme_score,composite,0.7887,0.5708,0.2179,True,delta +0.218>0.15
2025-10-01,cme,sub_dealer_net_rank,sub_signal,0.6046,0.4199,0.1847,True,OOS 0.420<=0.5
2025-10-01,cme,sub_asset_mgr_net_pct_rank,sub_signal,0.7209,0.4835,0.2373,True,OOS 0.484<=0.5
2025-10-01,cme,sub_lev_funds_net_pct_rank,sub_signal,0.6383,0.6203,0.0180,False,ok
2025-10-01,crypto_derivatives,crypto_derivatives_score,composite,0.6999,0.8378,-0.1379,False,ok
2025-10-01,crypto_derivatives,sub_funding_divergence_rank,sub_signal,0.6279,0.5380,0.0899,False,ok
2025-10-01,crypto_derivatives,sub_liq_stress_rank,sub_signal,0.5923,0.5330,0.0593,False,ok
2025-10-01,crypto_derivatives,sub_speculation_ratio_rank,sub_signal,0.6792,0.7785,-0.0992,False,ok
2025-10-01,crypto_derivatives,sub_cvd_divergence_rank,sub_signal,0.5775,0.5635,0.0140,False,ok
2025-10-01,crypto_derivatives,sub_alt_rotation_rank,sub_signal,0.5033,0.6392,-0.1359,False,ok
2025-10-01,crypto_derivatives,sub_funding_zscore_rank,sub_signal,0.5204,0.4139,0.1065,True,OOS 0.414<=0.5
2025-10-01,crypto_derivatives,sub_lev_stress_rank,sub_signal,0.5452,0.3715,0.1737,True,OOS 0.372<=0.5
2025-10-01,crypto_derivatives,sub_coin_margin_ratio_rank,sub_signal,0.5806,0.4489,0.1317,True,OOS 0.449<=0.5
2025-10-01,crypto_derivatives,sub_basis_rank,sub_signal,0.5405,0.6393,-0.0988,False,ok
2025-10-01,crypto_derivatives,sub_rv21_zscore_rank,sub_signal,0.3894,0.2826,0.1069,True,OOS 0.283<=0.5
2025-10-01,classic_cycle,classic_cycle_score,composite,0.6408,0.5072,0.1337,False,ok
2025-10-01,classic_cycle,sub_golden_ratio,sub_signal,0.6423,0.4122,0.2301,True,OOS 0.412<=0.5
2025-10-01,classic_cycle,sub_bmo,sub_signal,0.4849,0.4372,0.0477,True,OOS 0.437<=0.5
2025-10-01,classic_cycle,sub_ahr999,sub_signal,0.3404,0.3193,0.0211,True,OOS 0.319<=0.5
2025-10-01,classic_cycle,sub_fear_greed,sub_signal,0.6520,0.5692,0.0827,False,ok
2025-10-01,etf_flows,etf_flows_score,composite,0.8284,0.4478,0.3805,True,OOS 0.448<=0.5
2025-10-01,etf_flows,sub_etf_net_flow_rank,sub_signal,0.8795,0.3993,0.4802,True,OOS 0.399<=0.5
2025-10-01,etf_flows,sub_etf_premium_rank,sub_signal,0.4902,0.6571,-0.1669,False,ok
2025-10-01,etf_flows,sub_etf_flow_divergence_rank,sub_signal,0.8541,0.4026,0.4515,True,OOS 0.403<=0.5
2025-10-01,etf_flows,sub_etf_volume_share_rank,sub_signal,0.5592,0.5679,-0.0087,False,ok
2025-10-01,eth,eth_score,composite,0.7051,0.6892,0.0159,False,ok
2025-10-01,eth,sub_eth_funding_divergence_rank,sub_signal,0.6515,0.3905,0.2610,True,OOS 0.391<=0.5
2025-10-01,eth,sub_eth_speculation_ratio_rank,sub_signal,0.6310,0.8059,-0.1748,False,ok
2025-10-01,eth,sub_eth_liq_stress_rank,sub_signal,0.5395,0.5711,-0.0317,False,ok
2025-10-01,eth,sub_eth_funding_zscore_rank,sub_signal,0.5043,0.4432,0.0611,True,OOS 0.443<=0.5
2025-10-01,eth,sub_eth_cvd_divergence_rank,sub_signal,0.5311,0.3573,0.1737,True,OOS 0.357<=0.5
2025-10-01,eth,sub_eth_btc_dominance_rank,sub_signal,0.5125,0.4127,0.0997,True,OOS 0.413<=0.5
2025-10-01,eth,sub_eth_basis_compression_rank,sub_signal,0.5761,0.6513,-0.0752,False,ok
2025-11-01,macro_equities,macro_equities_score,composite,0.7911,0.7630,0.0281,False,ok
2025-11-01,macro_equities,sub_spx_overext_rank,sub_signal,0.3139,0.7473,-0.4334,False,ok
2025-11-01,macro_equities,sub_real_rate_rank,sub_signal,0.7863,0.6478,0.1385,False,ok
2025-11-01,macro_equities,sub_hy_spread_roc_rank,sub_signal,0.5797,0.5101,0.0696,False,ok
2025-11-01,macro_equities,sub_yield_curve_roc_rank,sub_signal,0.6245,0.6796,-0.0551,False,ok
2025-11-01,macro_equities,sub_rates_abs_stress_rank,sub_signal,0.5550,0.3505,0.2045,True,OOS 0.350<=0.5
2025-11-01,macro_equities,sub_fed_funds_stress_rank,sub_signal,0.6277,0.1622,0.4655,True,OOS 0.162<=0.5
2025-11-01,macro_equities,sub_vix_z90_rank,sub_signal,0.4804,0.7076,-0.2272,False,ok
2025-11-01,macro_equities,sub_fx_stress_rank,sub_signal,0.5052,0.4736,0.0316,True,OOS 0.474<=0.5
2025-11-01,cme,cme_score,composite,0.7950,0.4869,0.3082,True,OOS 0.487<=0.5
2025-11-01,cme,sub_dealer_net_rank,sub_signal,0.6133,0.6344,-0.0212,False,ok
2025-11-01,cme,sub_asset_mgr_net_pct_rank,sub_signal,0.7297,0.4635,0.2661,True,OOS 0.464<=0.5
2025-11-01,cme,sub_lev_funds_net_pct_rank,sub_signal,0.6203,0.4787,0.1417,True,OOS 0.479<=0.5
2025-11-01,crypto_derivatives,crypto_derivatives_score,composite,0.7065,0.8439,-0.1374,False,ok
2025-11-01,crypto_derivatives,sub_funding_divergence_rank,sub_signal,0.6274,0.5757,0.0517,False,ok
2025-11-01,crypto_derivatives,sub_liq_stress_rank,sub_signal,0.5927,0.5252,0.0675,False,ok
2025-11-01,crypto_derivatives,sub_speculation_ratio_rank,sub_signal,0.6871,0.7481,-0.0610,False,ok
2025-11-01,crypto_derivatives,sub_cvd_divergence_rank,sub_signal,0.5778,0.5512,0.0266,False,ok
2025-11-01,crypto_derivatives,sub_alt_rotation_rank,sub_signal,0.5050,0.6739,-0.1690,False,ok
2025-11-01,crypto_derivatives,sub_funding_zscore_rank,sub_signal,0.5134,0.4495,0.0639,True,OOS 0.450<=0.5
2025-11-01,crypto_derivatives,sub_lev_stress_rank,sub_signal,0.5393,0.3593,0.1800,True,OOS 0.359<=0.5
2025-11-01,crypto_derivatives,sub_coin_margin_ratio_rank,sub_signal,0.5896,0.4550,0.1346,True,OOS 0.455<=0.5
2025-11-01,crypto_derivatives,sub_basis_rank,sub_signal,0.5405,0.6460,-0.1054,False,ok
2025-11-01,crypto_derivatives,sub_rv21_zscore_rank,sub_signal,0.3992,0.4831,-0.0838,True,OOS 0.483<=0.5
2025-11-01,classic_cycle,classic_cycle_score,composite,0.6441,0.6200,0.0241,False,ok
2025-11-01,classic_cycle,sub_golden_ratio,sub_signal,0.6453,0.6055,0.0398,False,ok
2025-11-01,classic_cycle,sub_bmo,sub_signal,0.4917,0.5134,-0.0217,False,ok
2025-11-01,classic_cycle,sub_ahr999,sub_signal,0.3402,0.4899,-0.1497,True,OOS 0.490<=0.5
2025-11-01,classic_cycle,sub_fear_greed,sub_signal,0.6560,0.6340,0.0220,False,ok
2025-11-01,etf_flows,etf_flows_score,composite,0.7952,0.5015,0.2937,True,delta +0.294>0.15
2025-11-01,etf_flows,sub_etf_net_flow_rank,sub_signal,0.8351,0.4449,0.3903,True,OOS 0.445<=0.5
2025-11-01,etf_flows,sub_etf_premium_rank,sub_signal,0.4704,0.6556,-0.1852,False,ok
2025-11-01,etf_flows,sub_etf_flow_divergence_rank,sub_signal,0.8235,0.4440,0.3796,True,OOS 0.444<=0.5
2025-11-01,etf_flows,sub_etf_volume_share_rank,sub_signal,0.5574,0.5924,-0.0350,False,ok
2025-11-01,eth,eth_score,composite,0.7080,0.7101,-0.0021,False,ok
2025-11-01,eth,sub_eth_funding_divergence_rank,sub_signal,0.6522,0.5063,0.1458,False,ok
2025-11-01,eth,sub_eth_speculation_ratio_rank,sub_signal,0.6338,0.7277,-0.0939,False,ok
2025-11-01,eth,sub_eth_liq_stress_rank,sub_signal,0.5414,0.5547,-0.0134,False,ok
2025-11-01,eth,sub_eth_funding_zscore_rank,sub_signal,0.4999,0.4871,0.0129,True,OOS 0.487<=0.5
2025-11-01,eth,sub_eth_cvd_divergence_rank,sub_signal,0.5328,0.4597,0.0731,True,OOS 0.460<=0.5
2025-11-01,eth,sub_eth_btc_dominance_rank,sub_signal,0.5129,0.3757,0.1372,True,OOS 0.376<=0.5
2025-11-01,eth,sub_eth_basis_compression_rank,sub_signal,0.5797,0.6442,-0.0645,False,ok
2025-12-01,macro_equities,macro_equities_score,composite,0.7950,0.7525,0.0425,False,ok
2025-12-01,macro_equities,sub_spx_overext_rank,sub_signal,0.3082,0.7622,-0.4541,False,ok
2025-12-01,macro_equities,sub_real_rate_rank,sub_signal,0.7887,0.6319,0.1567,True,delta +0.157>0.15
2025-12-01,macro_equities,sub_hy_spread_roc_rank,sub_signal,0.6019,0.4585,0.1434,True,OOS 0.459<=0.5
2025-12-01,macro_equities,sub_yield_curve_roc_rank,sub_signal,0.6249,0.6979,-0.0730,False,ok
2025-12-01,macro_equities,sub_rates_abs_stress_rank,sub_signal,0.5511,0.3877,0.1634,True,OOS 0.388<=0.5
2025-12-01,macro_equities,sub_fed_funds_stress_rank,sub_signal,0.6380,0.1544,0.4836,True,OOS 0.154<=0.5
2025-12-01,macro_equities,sub_vix_z90_rank,sub_signal,0.4878,0.6560,-0.1682,False,ok
2025-12-01,macro_equities,sub_fx_stress_rank,sub_signal,0.5135,0.4366,0.0769,True,OOS 0.437<=0.5
2025-12-01,cme,cme_score,composite,0.8011,0.5148,0.2863,True,delta +0.286>0.15
2025-12-01,cme,sub_dealer_net_rank,sub_signal,0.6247,0.5760,0.0487,False,ok
2025-12-01,cme,sub_asset_mgr_net_pct_rank,sub_signal,0.7377,0.4924,0.2453,True,OOS 0.492<=0.5
2025-12-01,cme,sub_lev_funds_net_pct_rank,sub_signal,0.6131,0.5039,0.1092,False,ok
2025-12-01,crypto_derivatives,crypto_derivatives_score,composite,0.7086,0.8253,-0.1167,False,ok
2025-12-01,crypto_derivatives,sub_funding_divergence_rank,sub_signal,0.6290,0.5915,0.0375,False,ok
2025-12-01,crypto_derivatives,sub_liq_stress_rank,sub_signal,0.5985,0.5307,0.0678,False,ok
2025-12-01,crypto_derivatives,sub_speculation_ratio_rank,sub_signal,0.6802,0.7432,-0.0630,False,ok
2025-12-01,crypto_derivatives,sub_cvd_divergence_rank,sub_signal,0.5776,0.5107,0.0669,False,ok
2025-12-01,crypto_derivatives,sub_alt_rotation_rank,sub_signal,0.5118,0.6356,-0.1238,False,ok
2025-12-01,crypto_derivatives,sub_funding_zscore_rank,sub_signal,0.5106,0.4744,0.0362,True,OOS 0.474<=0.5
2025-12-01,crypto_derivatives,sub_lev_stress_rank,sub_signal,0.5252,0.4080,0.1172,True,OOS 0.408<=0.5
2025-12-01,crypto_derivatives,sub_coin_margin_ratio_rank,sub_signal,0.5985,0.4214,0.1771,True,OOS 0.421<=0.5
2025-12-01,crypto_derivatives,sub_basis_rank,sub_signal,0.5526,0.5902,-0.0376,False,ok
2025-12-01,crypto_derivatives,sub_rv21_zscore_rank,sub_signal,0.3927,0.4883,-0.0957,True,OOS 0.488<=0.5
2025-12-01,classic_cycle,classic_cycle_score,composite,0.6525,0.5387,0.1137,False,ok
2025-12-01,classic_cycle,sub_golden_ratio,sub_signal,0.6528,0.5351,0.1177,False,ok
2025-12-01,classic_cycle,sub_bmo,sub_signal,0.5039,0.4622,0.0417,True,OOS 0.462<=0.5
2025-12-01,classic_cycle,sub_ahr999,sub_signal,0.3485,0.4382,-0.0897,True,OOS 0.438<=0.5
2025-12-01,classic_cycle,sub_fear_greed,sub_signal,0.6652,0.5496,0.1155,False,ok
2025-12-01,etf_flows,etf_flows_score,composite,0.7438,0.5424,0.2014,True,delta +0.201>0.15
2025-12-01,etf_flows,sub_etf_net_flow_rank,sub_signal,0.7751,0.4930,0.2821,True,OOS 0.493<=0.5
2025-12-01,etf_flows,sub_etf_premium_rank,sub_signal,0.4559,0.6726,-0.2167,False,ok
2025-12-01,etf_flows,sub_etf_flow_divergence_rank,sub_signal,0.7705,0.4599,0.3107,True,OOS 0.460<=0.5
2025-12-01,etf_flows,sub_etf_volume_share_rank,sub_signal,0.5507,0.5793,-0.0286,False,ok
2025-12-01,eth,eth_score,composite,0.7091,0.7155,-0.0064,False,ok
2025-12-01,eth,sub_eth_funding_divergence_rank,sub_signal,0.6538,0.5092,0.1446,False,ok
2025-12-01,eth,sub_eth_speculation_ratio_rank,sub_signal,0.6209,0.7642,-0.1433,False,ok
2025-12-01,eth,sub_eth_liq_stress_rank,sub_signal,0.5507,0.5502,0.0005,False,ok
2025-12-01,eth,sub_eth_funding_zscore_rank,sub_signal,0.4947,0.5104,-0.0158,False,ok
2025-12-01,eth,sub_eth_cvd_divergence_rank,sub_signal,0.5446,0.4102,0.1345,True,OOS 0.410<=0.5
2025-12-01,eth,sub_eth_btc_dominance_rank,sub_signal,0.5085,0.4035,0.1050,True,OOS 0.403<=0.5
2025-12-01,eth,sub_eth_basis_compression_rank,sub_signal,0.5905,0.6011,-0.0106,False,ok
2026-01-01,macro_equities,macro_equities_score,composite,0.8001,0.6007,0.1994,True,delta +0.199>0.15
2026-01-01,macro_equities,sub_spx_overext_rank,sub_signal,0.3042,0.7262,-0.4220,False,ok
2026-01-01,macro_equities,sub_real_rate_rank,sub_signal,0.7914,0.6333,0.1582,True,delta +0.158>0.15
2026-01-01,macro_equities,sub_hy_spread_roc_rank,sub_signal,0.5788,0.4358,0.1430,True,OOS 0.436<=0.5
2026-01-01,macro_equities,sub_yield_curve_roc_rank,sub_signal,0.6292,0.5928,0.0364,False,ok
2026-01-01,macro_equities,sub_rates_abs_stress_rank,sub_signal,0.5568,0.4097,0.1470,True,OOS 0.410<=0.5
2026-01-01,macro_equities,sub_fed_funds_stress_rank,sub_signal,0.6480,0.0936,0.5543,True,OOS 0.094<=0.5
2026-01-01,macro_equities,sub_vix_z90_rank,sub_signal,0.4934,0.5365,-0.0431,False,ok
2026-01-01,macro_equities,sub_fx_stress_rank,sub_signal,0.5186,0.5247,-0.0061,False,ok
2026-01-01,cme,cme_score,composite,0.8070,0.5509,0.2561,True,delta +0.256>0.15
2026-01-01,cme,sub_dealer_net_rank,sub_signal,0.6358,0.6327,0.0032,False,ok
2026-01-01,cme,sub_asset_mgr_net_pct_rank,sub_signal,0.7454,0.5263,0.2192,True,delta +0.219>0.15
2026-01-01,cme,sub_lev_funds_net_pct_rank,sub_signal,0.6029,0.5034,0.0994,False,ok
2026-01-01,crypto_derivatives,crypto_derivatives_score,composite,0.7128,0.7397,-0.0269,False,ok
2026-01-01,crypto_derivatives,sub_funding_divergence_rank,sub_signal,0.6389,0.5350,0.1038,False,ok
2026-01-01,crypto_derivatives,sub_liq_stress_rank,sub_signal,0.6042,0.5367,0.0675,False,ok
2026-01-01,crypto_derivatives,sub_speculation_ratio_rank,sub_signal,0.6757,0.7298,-0.0541,False,ok
2026-01-01,crypto_derivatives,sub_cvd_divergence_rank,sub_signal,0.5694,0.4871,0.0823,True,OOS 0.487<=0.5
2026-01-01,crypto_derivatives,sub_alt_rotation_rank,sub_signal,0.5123,0.5987,-0.0864,False,ok
2026-01-01,crypto_derivatives,sub_funding_zscore_rank,sub_signal,0.5176,0.5045,0.0131,False,ok
2026-01-01,crypto_derivatives,sub_lev_stress_rank,sub_signal,0.5197,0.4490,0.0707,True,OOS 0.449<=0.5
2026-01-01,crypto_derivatives,sub_coin_margin_ratio_rank,sub_signal,0.6049,0.3820,0.2229,True,OOS 0.382<=0.5
2026-01-01,crypto_derivatives,sub_basis_rank,sub_signal,0.5580,0.5455,0.0125,False,ok
2026-01-01,crypto_derivatives,sub_rv21_zscore_rank,sub_signal,0.3899,0.4733,-0.0834,True,OOS 0.473<=0.5
2026-01-01,classic_cycle,classic_cycle_score,composite,0.6612,0.5891,0.0721,False,ok
2026-01-01,classic_cycle,sub_golden_ratio,sub_signal,0.6617,0.5907,0.0710,False,ok
2026-01-01,classic_cycle,sub_bmo,sub_signal,0.5165,0.5499,-0.0335,False,ok
2026-01-01,classic_cycle,sub_ahr999,sub_signal,0.3600,0.5126,-0.1525,False,ok
2026-01-01,classic_cycle,sub_fear_greed,sub_signal,0.6733,0.5907,0.0825,False,ok
2026-01-01,etf_flows,etf_flows_score,composite,0.7258,0.5113,0.2145,True,delta +0.214>0.15
2026-01-01,etf_flows,sub_etf_net_flow_rank,sub_signal,0.7452,0.4640,0.2812,True,OOS 0.464<=0.5
2026-01-01,etf_flows,sub_etf_premium_rank,sub_signal,0.4536,0.6643,-0.2107,False,ok
2026-01-01,etf_flows,sub_etf_flow_divergence_rank,sub_signal,0.7412,0.4375,0.3036,True,OOS 0.438<=0.5
2026-01-01,etf_flows,sub_etf_volume_share_rank,sub_signal,0.5543,0.5526,0.0016,False,ok
2026-01-01,eth,eth_score,composite,0.7132,0.6895,0.0237,False,ok
2026-01-01,eth,sub_eth_funding_divergence_rank,sub_signal,0.6593,0.5035,0.1558,True,delta +0.156>0.15
2026-01-01,eth,sub_eth_speculation_ratio_rank,sub_signal,0.6096,0.7322,-0.1226,False,ok
2026-01-01,eth,sub_eth_liq_stress_rank,sub_signal,0.5600,0.5660,-0.0060,False,ok
2026-01-01,eth,sub_eth_funding_zscore_rank,sub_signal,0.5005,0.4826,0.0179,True,OOS 0.483<=0.5
2026-01-01,eth,sub_eth_cvd_divergence_rank,sub_signal,0.5581,0.4517,0.1063,True,OOS 0.452<=0.5
2026-01-01,eth,sub_eth_btc_dominance_rank,sub_signal,0.5089,0.4204,0.0884,True,OOS 0.420<=0.5
2026-01-01,eth,sub_eth_basis_compression_rank,sub_signal,0.5948,0.5875,0.0073,False,ok
2026-02-01,macro_equities,macro_equities_score,composite,0.7599,0.6537,0.1062,False,ok
2026-02-01,macro_equities,sub_spx_overext_rank,sub_signal,0.3169,0.6917,-0.3749,False,ok
2026-02-01,macro_equities,sub_real_rate_rank,sub_signal,0.7663,0.7151,0.0512,False,ok
2026-02-01,macro_equities,sub_hy_spread_roc_rank,sub_signal,0.4121,0.4491,-0.0370,True,OOS 0.449<=0.5
2026-02-01,macro_equities,sub_yield_curve_roc_rank,sub_signal,0.6131,0.6060,0.0071,False,ok
2026-02-01,macro_equities,sub_rates_abs_stress_rank,sub_signal,0.5328,0.4682,0.0647,True,OOS 0.468<=0.5
2026-02-01,macro_equities,sub_fed_funds_stress_rank,sub_signal,0.6158,0.0749,0.5409,True,OOS 0.075<=0.5
2026-02-01,macro_equities,sub_vix_z90_rank,sub_signal,0.4923,0.5199,-0.0276,False,ok
2026-02-01,macro_equities,sub_fx_stress_rank,sub_signal,0.5055,0.6569,-0.1514,False,ok
2026-02-01,cme,cme_score,composite,0.7601,0.6404,0.1197,False,ok
2026-02-01,cme,sub_dealer_net_rank,sub_signal,0.6008,0.7936,-0.1927,False,ok
2026-02-01,cme,sub_asset_mgr_net_pct_rank,sub_signal,0.7027,0.6456,0.0571,False,ok
2026-02-01,cme,sub_lev_funds_net_pct_rank,sub_signal,0.6080,0.4446,0.1634,True,OOS 0.445<=0.5
2026-02-01,crypto_derivatives,crypto_derivatives_score,composite,0.7136,0.7089,0.0047,False,ok
2026-02-01,crypto_derivatives,sub_funding_divergence_rank,sub_signal,0.6411,0.5245,0.1166,False,ok
2026-02-01,crypto_derivatives,sub_liq_stress_rank,sub_signal,0.5796,0.5574,0.0222,False,ok
2026-02-01,crypto_derivatives,sub_speculation_ratio_rank,sub_signal,0.6811,0.7128,-0.0317,False,ok
2026-02-01,crypto_derivatives,sub_cvd_divergence_rank,sub_signal,0.5647,0.4648,0.1000,True,OOS 0.465<=0.5
2026-02-01,crypto_derivatives,sub_alt_rotation_rank,sub_signal,0.5135,0.5871,-0.0736,False,ok
2026-02-01,crypto_derivatives,sub_funding_zscore_rank,sub_signal,0.5150,0.4986,0.0164,True,OOS 0.499<=0.5
2026-02-01,crypto_derivatives,sub_lev_stress_rank,sub_signal,0.5176,0.4572,0.0604,True,OOS 0.457<=0.5
2026-02-01,crypto_derivatives,sub_coin_margin_ratio_rank,sub_signal,0.5728,0.4201,0.1528,True,OOS 0.420<=0.5
2026-02-01,crypto_derivatives,sub_basis_rank,sub_signal,0.5587,0.5472,0.0115,False,ok
2026-02-01,crypto_derivatives,sub_rv21_zscore_rank,sub_signal,0.3911,0.4222,-0.0311,True,OOS 0.422<=0.5
2026-02-01,classic_cycle,classic_cycle_score,composite,0.6293,0.7138,-0.0845,False,ok
2026-02-01,classic_cycle,sub_golden_ratio,sub_signal,0.6337,0.7389,-0.1052,False,ok
2026-02-01,classic_cycle,sub_bmo,sub_signal,0.4895,0.6906,-0.2011,False,ok
2026-02-01,classic_cycle,sub_ahr999,sub_signal,0.3476,0.6695,-0.3219,False,ok
2026-02-01,classic_cycle,sub_fear_greed,sub_signal,0.6405,0.6899,-0.0494,False,ok
2026-02-01,etf_flows,etf_flows_score,composite,0.7686,0.4684,0.3002,True,OOS 0.468<=0.5
2026-02-01,etf_flows,sub_etf_net_flow_rank,sub_signal,0.7496,0.4064,0.3431,True,OOS 0.406<=0.5
2026-02-01,etf_flows,sub_etf_premium_rank,sub_signal,0.5903,0.6400,-0.0498,False,ok
2026-02-01,etf_flows,sub_etf_flow_divergence_rank,sub_signal,0.7145,0.4306,0.2839,True,OOS 0.431<=0.5
2026-02-01,etf_flows,sub_etf_volume_share_rank,sub_signal,0.6045,0.5678,0.0367,False,ok
2026-02-01,eth,eth_score,composite,0.7097,0.6649,0.0448,False,ok
2026-02-01,eth,sub_eth_funding_divergence_rank,sub_signal,0.6253,0.5196,0.1057,False,ok
2026-02-01,eth,sub_eth_speculation_ratio_rank,sub_signal,0.6302,0.6762,-0.0460,False,ok
2026-02-01,eth,sub_eth_liq_stress_rank,sub_signal,0.5341,0.5929,-0.0588,False,ok
2026-02-01,eth,sub_eth_funding_zscore_rank,sub_signal,0.5092,0.4636,0.0456,True,OOS 0.464<=0.5
2026-02-01,eth,sub_eth_cvd_divergence_rank,sub_signal,0.5289,0.5792,-0.0503,False,ok
2026-02-01,eth,sub_eth_btc_dominance_rank,sub_signal,0.5051,0.4362,0.0689,True,OOS 0.436<=0.5
2026-02-01,eth,sub_eth_basis_compression_rank,sub_signal,0.5890,0.6184,-0.0293,False,ok
2026-03-01,macro_equities,macro_equities_score,composite,0.7488,0.6239,0.1249,False,ok
2026-03-01,macro_equities,sub_spx_overext_rank,sub_signal,0.3263,0.7298,-0.4035,False,ok
2026-03-01,macro_equities,sub_real_rate_rank,sub_signal,0.7552,0.7738,-0.0186,False,ok
2026-03-01,macro_equities,sub_hy_spread_roc_rank,sub_signal,0.4458,0.4345,0.0113,True,OOS 0.434<=0.5
2026-03-01,macro_equities,sub_yield_curve_roc_rank,sub_signal,0.6190,0.5611,0.0579,False,ok
2026-03-01,macro_equities,sub_rates_abs_stress_rank,sub_signal,0.5018,0.5249,-0.0231,False,ok
2026-03-01,macro_equities,sub_fed_funds_stress_rank,sub_signal,0.5848,0.0583,0.5265,True,OOS 0.058<=0.5
2026-03-01,macro_equities,sub_vix_z90_rank,sub_signal,0.4959,0.4968,-0.0009,True,OOS 0.497<=0.5
2026-03-01,macro_equities,sub_fx_stress_rank,sub_signal,0.4867,0.7538,-0.2671,False,ok
2026-03-01,cme,cme_score,composite,0.7139,0.6551,0.0589,False,ok
2026-03-01,cme,sub_dealer_net_rank,sub_signal,0.5675,0.8813,-0.3138,False,ok
2026-03-01,cme,sub_asset_mgr_net_pct_rank,sub_signal,0.6590,0.7078,-0.0488,False,ok
2026-03-01,cme,sub_lev_funds_net_pct_rank,sub_signal,0.6179,0.4068,0.2112,True,OOS 0.407<=0.5
2026-03-01,crypto_derivatives,crypto_derivatives_score,composite,0.7133,0.6832,0.0301,False,ok
2026-03-01,crypto_derivatives,sub_funding_divergence_rank,sub_signal,0.6364,0.5401,0.0963,False,ok
2026-03-01,crypto_derivatives,sub_liq_stress_rank,sub_signal,0.5680,0.5513,0.0167,False,ok
2026-03-01,crypto_derivatives,sub_speculation_ratio_rank,sub_signal,0.6779,0.6988,-0.0209,False,ok
2026-03-01,crypto_derivatives,sub_cvd_divergence_rank,sub_signal,0.5714,0.4347,0.1367,True,OOS 0.435<=0.5
2026-03-01,crypto_derivatives,sub_alt_rotation_rank,sub_signal,0.5260,0.5685,-0.0425,False,ok
2026-03-01,crypto_derivatives,sub_funding_zscore_rank,sub_signal,0.5063,0.5137,-0.0075,False,ok
2026-03-01,crypto_derivatives,sub_lev_stress_rank,sub_signal,0.5061,0.4724,0.0337,True,OOS 0.472<=0.5
2026-03-01,crypto_derivatives,sub_coin_margin_ratio_rank,sub_signal,0.5603,0.3909,0.1694,True,OOS 0.391<=0.5
2026-03-01,crypto_derivatives,sub_basis_rank,sub_signal,0.5664,0.5437,0.0228,False,ok
2026-03-01,crypto_derivatives,sub_rv21_zscore_rank,sub_signal,0.3727,0.4538,-0.0811,True,OOS 0.454<=0.5
2026-03-01,classic_cycle,classic_cycle_score,composite,0.6199,0.7252,-0.1054,False,ok
2026-03-01,classic_cycle,sub_golden_ratio,sub_signal,0.6158,0.7923,-0.1765,False,ok
2026-03-01,classic_cycle,sub_bmo,sub_signal,0.4697,0.6839,-0.2143,False,ok
2026-03-01,classic_cycle,sub_ahr999,sub_signal,0.3383,0.7235,-0.3852,False,ok
2026-03-01,classic_cycle,sub_fear_greed,sub_signal,0.6395,0.6855,-0.0460,False,ok
2026-03-01,etf_flows,etf_flows_score,composite,0.6074,0.5093,0.0981,False,ok
2026-03-01,etf_flows,sub_etf_net_flow_rank,sub_signal,0.5729,0.4239,0.1490,True,OOS 0.424<=0.5
2026-03-01,etf_flows,sub_etf_premium_rank,sub_signal,0.6079,0.6336,-0.0257,False,ok
2026-03-01,etf_flows,sub_etf_flow_divergence_rank,sub_signal,0.5384,0.4709,0.0675,True,OOS 0.471<=0.5
2026-03-01,etf_flows,sub_etf_volume_share_rank,sub_signal,0.5748,0.5778,-0.0030,False,ok
2026-03-01,eth,eth_score,composite,0.7198,0.6394,0.0805,False,ok
2026-03-01,eth,sub_eth_funding_divergence_rank,sub_signal,0.6305,0.5406,0.0899,False,ok
2026-03-01,eth,sub_eth_speculation_ratio_rank,sub_signal,0.6450,0.6356,0.0094,False,ok
2026-03-01,eth,sub_eth_liq_stress_rank,sub_signal,0.5231,0.5717,-0.0486,False,ok
2026-03-01,eth,sub_eth_funding_zscore_rank,sub_signal,0.5025,0.4664,0.0361,True,OOS 0.466<=0.5
2026-03-01,eth,sub_eth_cvd_divergence_rank,sub_signal,0.5153,0.6116,-0.0963,False,ok
2026-03-01,eth,sub_eth_btc_dominance_rank,sub_signal,0.5023,0.4486,0.0537,True,OOS 0.449<=0.5
2026-03-01,eth,sub_eth_basis_compression_rank,sub_signal,0.5954,0.6012,-0.0058,False,ok
2026-04-01,macro_equities,macro_equities_score,composite,0.7510,0.6320,0.1190,False,ok
2026-04-01,macro_equities,sub_spx_overext_rank,sub_signal,0.3368,0.6912,-0.3544,False,ok
2026-04-01,macro_equities,sub_real_rate_rank,sub_signal,0.7543,0.7427,0.0116,False,ok
2026-04-01,macro_equities,sub_hy_spread_roc_rank,sub_signal,0.4156,0.4952,-0.0795,True,OOS 0.495<=0.5
2026-04-01,macro_equities,sub_yield_curve_roc_rank,sub_signal,0.6231,0.5466,0.0765,False,ok
2026-04-01,macro_equities,sub_rates_abs_stress_rank,sub_signal,0.4964,0.5819,-0.0855,False,ok
2026-04-01,macro_equities,sub_fed_funds_stress_rank,sub_signal,0.5895,0.0667,0.5228,True,OOS 0.067<=0.5
2026-04-01,macro_equities,sub_vix_z90_rank,sub_signal,0.4862,0.5458,-0.0595,False,ok
2026-04-01,macro_equities,sub_fx_stress_rank,sub_signal,0.4861,0.7312,-0.2450,False,ok
2026-04-01,cme,cme_score,composite,0.7197,0.6916,0.0280,False,ok
2026-04-01,cme,sub_dealer_net_rank,sub_signal,0.5760,0.8643,-0.2883,False,ok
2026-04-01,cme,sub_asset_mgr_net_pct_rank,sub_signal,0.6673,0.6962,-0.0289,False,ok
2026-04-01,cme,sub_lev_funds_net_pct_rank,sub_signal,0.6047,0.4628,0.1419,True,OOS 0.463<=0.5
2026-04-01,crypto_derivatives,crypto_derivatives_score,composite,0.7149,0.6847,0.0301,False,ok
2026-04-01,crypto_derivatives,sub_funding_divergence_rank,sub_signal,0.6297,0.5527,0.0770,False,ok
2026-04-01,crypto_derivatives,sub_liq_stress_rank,sub_signal,0.5736,0.5407,0.0328,False,ok
2026-04-01,crypto_derivatives,sub_speculation_ratio_rank,sub_signal,0.6816,0.6938,-0.0122,False,ok
2026-04-01,crypto_derivatives,sub_cvd_divergence_rank,sub_signal,0.5677,0.4418,0.1259,True,OOS 0.442<=0.5
2026-04-01,crypto_derivatives,sub_alt_rotation_rank,sub_signal,0.5295,0.5528,-0.0233,False,ok
2026-04-01,crypto_derivatives,sub_funding_zscore_rank,sub_signal,0.5113,0.4971,0.0142,True,OOS 0.497<=0.5
2026-04-01,crypto_derivatives,sub_lev_stress_rank,sub_signal,0.5162,0.4280,0.0882,True,OOS 0.428<=0.5
2026-04-01,crypto_derivatives,sub_coin_margin_ratio_rank,sub_signal,0.5630,0.4046,0.1584,True,OOS 0.405<=0.5
2026-04-01,crypto_derivatives,sub_basis_rank,sub_signal,0.5620,0.5510,0.0111,False,ok
2026-04-01,crypto_derivatives,sub_rv21_zscore_rank,sub_signal,0.3642,0.4964,-0.1322,True,OOS 0.496<=0.5
2026-04-01,classic_cycle,classic_cycle_score,composite,0.6171,0.7367,-0.1196,False,ok
2026-04-01,classic_cycle,sub_golden_ratio,sub_signal,0.6160,0.7885,-0.1726,False,ok
2026-04-01,classic_cycle,sub_bmo,sub_signal,0.4718,0.7024,-0.2306,False,ok
2026-04-01,classic_cycle,sub_ahr999,sub_signal,0.3376,0.7328,-0.3952,False,ok
2026-04-01,classic_cycle,sub_fear_greed,sub_signal,0.6325,0.7056,-0.0732,False,ok
2026-04-01,etf_flows,etf_flows_score,composite,0.6169,0.4939,0.1230,True,OOS 0.494<=0.5
2026-04-01,etf_flows,sub_etf_net_flow_rank,sub_signal,0.5923,0.3982,0.1940,True,OOS 0.398<=0.5
2026-04-01,etf_flows,sub_etf_premium_rank,sub_signal,0.6077,0.6376,-0.0299,False,ok
2026-04-01,etf_flows,sub_etf_flow_divergence_rank,sub_signal,0.5434,0.4617,0.0817,True,OOS 0.462<=0.5
2026-04-01,etf_flows,sub_etf_volume_share_rank,sub_signal,0.5623,0.5861,-0.0238,False,ok
2026-04-01,eth,eth_score,composite,0.7177,0.6373,0.0804,False,ok
2026-04-01,eth,sub_eth_funding_divergence_rank,sub_signal,0.6257,0.5277,0.0981,False,ok
2026-04-01,eth,sub_eth_speculation_ratio_rank,sub_signal,0.6472,0.6479,-0.0007,False,ok
2026-04-01,eth,sub_eth_liq_stress_rank,sub_signal,0.5299,0.5705,-0.0405,False,ok
2026-04-01,eth,sub_eth_funding_zscore_rank,sub_signal,0.5052,0.4556,0.0495,True,OOS 0.456<=0.5
2026-04-01,eth,sub_eth_cvd_divergence_rank,sub_signal,0.5156,0.6248,-0.1092,False,ok
2026-04-01,eth,sub_eth_btc_dominance_rank,sub_signal,0.5028,0.4425,0.0603,True,OOS 0.443<=0.5
2026-04-01,eth,sub_eth_basis_compression_rank,sub_signal,0.5924,0.6033,-0.0110,False,ok
